week,creator_name,platform,resolved,carried_over,followers,followers_source,posts_90d,engagement_rate,total_score
2026-10-05,Lopon Jurmay Karma,youtube,true,false,8220,youtube_api,7,0.042,58.3
2026-10-05,Lopon Jurmay Karma,instagram,true,false,2819,socialcrawl,1,,58.3
2026-10-05,Dorjeepa,instagram,true,false,36810,socialcrawl,1,,50.3
2026-10-05,Chhewang Dorjee,instagram,true,false,1782,socialcrawl,1,,38.7
2026-10-05,Chhewang Dorjee,youtube,false,true,1810,desktop-ranking-archive-2026-09-15,0,,38.7
2026-10-05,Chhewang Dorjee,threads,true,false,48,socialcrawl,0,,38.7
2026-10-05,Chhewang Dorjee,youtube,true,false,1820,youtube_api,0,,38.7
2026-10-05,Chhewang Dorjee,youtube,false,true,1810,desktop-ranking-archive-2026-09-15,0,,38.7
2026-10-05,Chhewang Dorjee,facebook,true,false,1300,socialcrawl,0,,38.7
2026-10-05,Tashi Takpa,instagram,true,false,26941,socialcrawl,1,,78.4
2026-10-05,Tashi Takpa,youtube,true,false,1660,youtube_api,16,0.0978,78.4
2026-10-05,Bhuchung Kata (Kalsang Tashi),instagram,true,false,10224,socialcrawl,1,,58.1
2026-10-05,Bhuchung Kata (Kalsang Tashi),youtube,true,false,37900,youtube_api,12,0.0195,58.1
2026-10-05,Bhuchung Kata (Kalsang Tashi),facebook,false,false,,,,,
2026-10-05,Bhuchung Kata (Kalsang Tashi),linkedin,true,false,598,socialcrawl,1,,58.1
2026-10-05,Nishchal Pakhrin (Ani yangchen Drolma),tiktok,false,false,,,,,
2026-10-05,Nishchal Pakhrin (Ani yangchen Drolma),youtube,true,false,1330,youtube_api,0,,51.2
2026-10-05,Tashi Lhamo A,instagram,true,false,3,socialcrawl,1,,42.1
2026-10-05,Tashi Lhamo A,instagram,true,false,691,socialcrawl,1,,42.1
2026-10-05,Tanzin Dekit,instagram,true,false,3090,socialcrawl,1,,40.5
2026-10-05,Chhering Angmo,instagram,true,false,3090,socialcrawl,1,,40.5
2026-10-05,Rigzin Angmo,instagram,false,false,,,,,
2026-10-05,Tashi Lamo,youtube,true,false,410,youtube_api,9,0.0613,69.5
2026-10-05,Tashi Lamo,instagram,true,false,3090,socialcrawl,1,,69.5
2026-10-05,Chow Tze Jen,facebook,true,false,3500,socialcrawl,1,,40.8
2026-10-05,Tenzin Phuljung,instagram,false,false,,,,,
2026-10-05,Pranav Subhash Dandge,youtube,true,false,2420,youtube_api,24,0.0281,60.9
2026-10-05,Pranav Subhash Dandge,instagram,true,false,122839,socialcrawl,0,,60.9
2026-10-05,Pranav Subhash Dandge,threads,true,false,13821,socialcrawl,0,,60.9
2026-10-05,Pranav Subhash Dandge,instagram,false,true,122579,desktop-ranking-archive-2026-09-15,0,,60.9
2026-10-05,Yash Dixit,instagram,true,false,7252,socialcrawl,1,,70.1
2026-10-05,Yash Dixit,youtube,true,false,158,youtube_api,4,0.0813,70.1
2026-10-05,Yash Dixit,linkedin,true,false,181,socialcrawl,1,,70.1
2026-10-05,Bharat nakwal,instagram,true,false,100298,socialcrawl,1,,60.1
2026-10-05,Bharat nakwal,youtube,false,false,,,,,
2026-10-05,Gabriel Kobler,facebook,true,false,498,socialcrawl,1,,79.2
2026-10-05,Gabriel Kobler,youtube,true,false,858,youtube_api,70,0.0522,79.2
2026-10-05,Gabriel Kobler,instagram,true,false,275,socialcrawl,1,,79.2
2026-10-05,Aditi Patwari,instagram,true,false,134,socialcrawl,1,,31.7
2026-10-05,Aditi Patwari,linkedin,false,false,,,,,
2026-10-05,Rahul Dongre,instagram,true,false,212449,socialcrawl,1,,91.4
2026-10-05,Rahul Dongre,youtube,true,false,37700,youtube_api,37,0.0801,91.4
2026-10-05,Rahul Dongre,facebook,true,false,35000,socialcrawl,0,,91.4
2026-10-05,Aachen Tenzin (Thupten),youtube,true,false,21000,youtube_api,0,,55.1
2026-10-05,Aachen Tenzin (Thupten),instagram,true,false,74358,socialcrawl,1,,55.1
2026-10-05,Aachen Tenzin (Thupten),facebook,true,false,9900,socialcrawl,0,,55.1
2026-10-05,Path of Liberation [ Norbu Tsering,instagram,true,false,16604,socialcrawl,1,,53.6
2026-10-05,Yeshi Dorjee (khoe) Jinsel,instagram,true,false,10340,socialcrawl,1,,42.3
2026-10-05,Uttam Shetty (Nagaloka Center Nagpur),instagram,true,false,1710,socialcrawl,1,,64.1
2026-10-05,Uttam Shetty (Nagaloka Center Nagpur),facebook,true,false,3000,socialcrawl,1,,64.1
2026-10-05,Uttam Shetty (Nagaloka Center Nagpur),youtube,true,false,3720,youtube_api,18,0.0314,64.1
2026-10-05,Uttam Shetty (Nagaloka Center Nagpur),x,true,false,102,socialcrawl,0,,64.1
2026-10-05,Uttam Shetty (Nagaloka Center Nagpur),threads,true,false,229,socialcrawl,0,,64.1
2026-10-05,Ranjeet Shrawan Thool (Dhammachari Aryaketu),facebook,true,false,5200,socialcrawl,0,,39.0
2026-10-05,Ranjeet Shrawan Thool (Dhammachari Aryaketu),instagram,true,false,747,socialcrawl,1,,39.0
2026-10-05,Ranjeet Shrawan Thool (Dhammachari Aryaketu),facebook,true,false,2200,socialcrawl,0,,39.0
2026-10-05,Ranjeet Shrawan Thool (Dhammachari Aryaketu),facebook,true,false,8700,socialcrawl,0,,39.0
2026-10-05,Tejdarshan,facebook,false,false,,,,,
2026-10-05,Tejdarshan,instagram,false,true,0,desktop-ranking-archive-2026-09-15,0,,
2026-10-05,Rajat Mourya,youtube,true,false,3080,youtube_api,0,,69.0
2026-10-05,Rajat Mourya,facebook,true,false,51000,socialcrawl,1,,69.0
2026-10-05,Rajat Mourya,instagram,true,false,73010,socialcrawl,1,,69.0
2026-10-05,Rajat Mourya,youtube,true,false,146000,youtube_api,0,,69.0
2026-10-05,Rajat Mourya,x,true,false,7518,socialcrawl,1,,69.0
2026-10-05,Pema Yonten,instagram,true,false,510,socialcrawl,1,,36.7
2026-10-05,Sherab Wangmo,instagram,true,false,4354,socialcrawl,1,,59.4
2026-10-05,Sherab Wangmo,youtube,true,false,6640,youtube_api,25,0.0193,59.4
2026-10-05,Stanzin Namtol,instagram,true,false,4,socialcrawl,0,,21.8
2026-10-05,Stanzin Lotos,instagram,false,false,,,,,
2026-10-05,SANTOSH SAKHARAM AMBHORE,youtube,true,false,9570,youtube_api,2,0.0234,45.4
2026-10-05,SANTOSH SAKHARAM AMBHORE,instagram,true,false,4002,socialcrawl,1,,45.4
2026-10-05,Ganesh Palshikar (Guhyaprakash),youtube,true,false,3720,youtube_api,18,0.0314,58.3
2026-10-05,Ganesh Palshikar (Guhyaprakash),instagram,false,false,,,,,
2026-10-05,Ganesh Palshikar (Guhyaprakash),facebook,true,false,,socialcrawl,,,
2026-10-05,"Jay Liao, Yeshe gyatso",instagram,true,false,303,socialcrawl,1,,39.1
2026-10-05,Siddharth Negi,instagram,true,false,964,socialcrawl,1,,37.7
2026-10-05,Paudel Dhruba,youtube,true,false,4370,youtube_api,1,0.0368,48.1
2026-10-05,Jigme Wangmo,instagram,false,false,,,,,
2026-10-05,Pema Lhaden,instagram,false,false,,,,,
2026-10-05,Lopon Jigme Dorji,youtube,true,false,0,youtube_api,0,,
2026-10-05,Suresh Kumar,facebook,true,false,11000,socialcrawl,1,,89.1
2026-10-05,Suresh Kumar,instagram,true,false,32584,socialcrawl,1,,89.1
2026-10-05,Suresh Kumar,youtube,false,true,472000,desktop-ranking-archive-2026-09-15,100,0.071,89.1
2026-10-05,Suresh Kumar,facebook,true,false,182000,socialcrawl,1,,89.1
2026-10-05,Suresh Kumar,x,true,false,7961,socialcrawl,1,,89.1
2026-10-05,Suresh Kumar,youtube,true,false,473000,youtube_api,100,0.071,89.1
2026-10-05,Suresh Kumar,threads,true,false,6161,socialcrawl,0,,89.1
2026-10-05,Suresh Kumar,youtube,true,false,473000,youtube_api,100,0.071,89.1
2026-10-05,Satyajeet Chakma (Ven. Jinananda Thera),facebook,false,false,,,,,
2026-10-05,Satyajeet Chakma (Ven. Jinananda Thera),instagram,true,false,132,socialcrawl,1,,26.3
2026-10-05,Dorje kalzang,instagram,false,false,,,,,
2026-10-05,Siddharth Shivnarayan Misal,instagram,true,false,15901,socialcrawl,1,,65.9
2026-10-05,Siddharth Shivnarayan Misal,youtube,true,false,3170,youtube_api,4,0.0691,65.9
2026-10-05,Pratibha Patil,instagram,true,false,1342,socialcrawl,1,,37.4
2026-10-05,Pratibha Patil,youtube,true,false,162,youtube_api,0,,37.4
2026-10-05,Pratibha Patil,facebook,false,false,,,,,
2026-10-05,tenpunlama (Tenzin Phuntsok),instagram,false,true,140,desktop-ranking-archive-2026-09-15,0,,62.1
2026-10-05,tenpunlama (Tenzin Phuntsok),youtube,true,false,4220,youtube_api,100,0.0235,62.1
2026-10-05,SANGITKUMAR TIRESHWAR SAKHARE,facebook,true,false,3000,socialcrawl,0,,43.6
2026-10-05,SANGITKUMAR TIRESHWAR SAKHARE,instagram,true,false,3547,socialcrawl,1,,43.6
2026-10-05,Tashi Nyima,facebook,true,false,,socialcrawl,,,
2026-10-05,Pema Lhendup,instagram,true,false,637,socialcrawl,1,,42.0
2026-10-05,Pema Lhendup,facebook,true,false,967,socialcrawl,1,,42.0
2026-10-05,Sonam Gyeltshen,instagram,true,false,124,socialcrawl,1,,28.8
2026-10-05,Tibet Dr shakya (karma gyedun),youtube,true,false,4500,youtube_api,26,0.0737,82.4
2026-10-05,Tibet Dr shakya (karma gyedun),instagram,true,false,22021,socialcrawl,1,,82.4
2026-10-05,Ho Vu Dieu Tuyen,instagram,false,false,,,,,
2026-10-05,Ho Vu Dieu Tuyen,youtube,true,false,5220,youtube_api,1,0.0545,57.4
2026-10-05,Sonam Lhamu Khochilu,instagram,true,false,12411,socialcrawl,1,,46.7
2026-10-05,Sonam Lhamu Khochilu,youtube,true,false,1580,youtube_api,3,0.0189,46.7
2026-10-05,Sonam Lhamu Khochilu,facebook,true,false,12000,socialcrawl,0,,46.7
2026-10-05,Karma Dolma,instagram,true,false,2447,socialcrawl,1,,43.2
2026-10-05,Karma Dolma,youtube,true,false,269,youtube_api,0,,43.2
2026-10-05,Thile Dorje Lama,youtube,false,false,,,,,
2026-10-05,Thile Dorje Lama,youtube,false,false,,,,,
2026-10-05,nawang dechen kc,instagram,true,false,34180,socialcrawl,1,,61.6
2026-10-05,nawang dechen kc,tiktok,true,false,273250,socialcrawl,1,,61.6
2026-10-05,nawang dechen kc,youtube,true,false,7210,youtube_api,3,0.0251,61.6
2026-10-05,Thupten Sherab,instagram,true,false,17335,socialcrawl,1,,47.8
2026-10-05,Arun Sonune,youtube,false,false,,,,,
2026-10-05,Arun Sonune,instagram,true,false,548,socialcrawl,1,,30.3
2026-10-05,Kunsang Tenzing,instagram,true,false,12219,socialcrawl,1,,71.1
2026-10-05,Kunsang Tenzing,youtube,true,false,15300,youtube_api,17,0.0426,71.1
2026-10-05,Kunsang Tenzing,threads,true,false,1403,socialcrawl,0,,71.1
2026-10-05,Tenzin Pema / Tenzin Choney,instagram,true,false,1687,socialcrawl,1,,36.2
2026-10-05,Kailash Chandra Bauddha,instagram,true,false,1697,socialcrawl,1,,80.1
2026-10-05,Kailash Chandra Bauddha,youtube,true,false,38600,youtube_api,26,0.0729,80.1
2026-10-05,Prabin Chakma,facebook,true,false,5500,socialcrawl,0,,44.2
2026-10-05,Prabin Chakma,instagram,true,false,167,socialcrawl,1,,44.2
2026-10-05,DEEPA THAKUR,instagram,true,false,691,socialcrawl,1,,54.3
2026-10-05,DEEPA THAKUR,facebook,false,false,,,,,
2026-10-05,DEEPA THAKUR,instagram,true,false,983,socialcrawl,1,,54.3
2026-10-05,DEEPA THAKUR,instagram,true,false,570,socialcrawl,1,,54.3
2026-10-05,DEEPA THAKUR,instagram,true,false,19841,socialcrawl,1,,54.3
2026-10-05,Gunturi Agni Mithra,instagram,false,true,19376,desktop-ranking-archive-2026-09-15,1,,40.0
2026-10-05,Gunturi Agni Mithra,instagram,true,false,570,socialcrawl,1,,40.0
2026-10-05,Gunturi Agni Mithra,instagram,true,false,19841,socialcrawl,1,,40.0
2026-10-05,Akshay Khobragade,youtube,true,false,2370,youtube_api,0,,42.5
2026-10-05,Akshay Khobragade,instagram,true,false,3135,socialcrawl,1,,42.5
2026-10-05,Tashi Chosgon,youtube,true,false,16600,youtube_api,3,0.0314,52.2
2026-10-05,Tashi Chosgon,instagram,true,false,3231,socialcrawl,1,,52.2
2026-10-05,Bhikkhu Shripad Sthavir,instagram,true,false,3744,socialcrawl,1,,81.4
2026-10-05,Bhikkhu Shripad Sthavir,youtube,true,false,1170,youtube_api,94,0.0526,81.4
2026-10-05,Bhikkhu Shripad Sthavir,facebook,true,false,,socialcrawl,,,
2026-10-05,Tanmay Tayade,instagram,true,false,2656,socialcrawl,1,,41.7
2026-10-05,Tanmay Tayade,youtube,true,false,56,youtube_api,3,,41.7
2026-10-05,Tanmay Tayade,facebook,true,false,20,socialcrawl,0,,41.7
2026-10-05,Tsering Palden,facebook,false,false,,,,,
2026-10-05,Karma Chimmi Wangmo,facebook,true,false,7700,socialcrawl,1,,56.5
2026-10-05,Karma Chimmi Wangmo,youtube,true,false,3730,youtube_api,9,0.0166,56.5
2026-10-05,Karma Chimmi Wangmo,tiktok,true,false,12330,socialcrawl,1,,56.5
2026-10-05,Karma Chimmi Wangmo,instagram,true,false,17967,socialcrawl,1,,56.5
2026-10-05,Laxmikanta Sunil Mane,youtube,true,false,8080,youtube_api,2,0.1017,62.4
2026-10-05,Laxmikanta Sunil Mane,instagram,true,false,18,socialcrawl,1,,62.4
2026-10-05,Tshering Penjor,instagram,true,false,438,socialcrawl,1,,47.7
2026-10-05,Tshering Penjor,tiktok,true,false,1212,socialcrawl,1,,47.7
2026-10-05,Mrigendra Pratap,facebook,false,false,,,,,
2026-10-05,Karma Yonten,instagram,true,false,951,socialcrawl,1,,70.6
2026-10-05,Karma Yonten,tiktok,true,false,7937,socialcrawl,1,,70.6
2026-10-05,Karma Yonten,youtube,true,false,361,youtube_api,4,0.1062,70.6
2026-10-05,Basant Khatri,instagram,true,false,17967,socialcrawl,1,,53.6
2026-10-05,Tenzin Chemi,instagram,true,false,139356,socialcrawl,1,,53.7
2026-10-05,CHIMI TSHERING,youtube,false,false,,,,,
2026-10-05,Gangkar Metok,instagram,true,false,4264,socialcrawl,1,,48.8
2026-10-05,Gangkar Metok,youtube,true,false,14700,youtube_api,0,,48.8
2026-10-05,Gangkar Metok,facebook,true,false,,socialcrawl,,,
2026-10-05,DIKI LHAMU SHERPA,youtube,false,false,,,,,
2026-10-05,DIKI LHAMU SHERPA,instagram,true,false,6927,socialcrawl,1,,41.5
2026-10-05,Tenzin Rabga,instagram,true,false,507,socialcrawl,1,,61.5
2026-10-05,Tenzin Rabga,youtube,true,false,1860,youtube_api,3,0.0748,61.5
2026-10-05,Kelzang Wangdi,instagram,false,false,,,,,
2026-10-05,Lopon Choying Tenpa,facebook,true,false,3200,socialcrawl,1,,43.0
2026-10-05,Lopon Choying Tenpa,instagram,true,false,144,socialcrawl,1,,43.0
2026-10-05,Achal wasnik,instagram,true,false,204,socialcrawl,1,,34.1
2026-10-05,Karmavajra Dhammachari,youtube,true,false,12800,youtube_api,0,,47.3
2026-10-05,Karmavajra Dhammachari,facebook,true,false,,socialcrawl,,,
2026-10-05,Karmavajra Dhammachari,instagram,true,false,88,socialcrawl,1,,47.3
2026-10-05,Sonam Choden,tiktok,true,false,1207,socialcrawl,1,,48.7
2026-10-05,Sonam Choden,instagram,false,true,1429,desktop-ranking-archive-2026-09-15,0,,48.7
2026-10-05,Sonam Choden,threads,false,false,,,,,
2026-10-05,Pathum Ranasinghe Arachchilage,instagram,true,false,1741,socialcrawl,1,,50.1
2026-10-05,Pathum Ranasinghe Arachchilage,linkedin,true,false,1405,socialcrawl,1,,50.1
2026-10-05,Kunzes Dolma,instagram,false,false,,,,,
2026-10-05,Kunzes Dolma,youtube,false,true,5160,desktop-ranking-archive-2026-09-15,0,,58.1
2026-10-05,Pema Wangyel,instagram,true,false,104,socialcrawl,1,,28.1
2026-10-05,Achesh Kamble,instagram,true,false,275,socialcrawl,1,,36.0
2026-10-05,Achesh Kamble,youtube,true,false,14,youtube_api,0,,36.0
2026-10-05,Ogyen Tenzin,youtube,true,false,28,youtube_api,0,,35.2
2026-10-05,Ogyen Tenzin,instagram,true,false,310,socialcrawl,1,,35.2
2026-10-05,Tenzin Gejed,instagram,true,false,1442,socialcrawl,1,,53.6
2026-10-05,Tenzin Gejed,youtube,true,false,13800,youtube_api,5,0.0251,53.6
2026-10-05,Penpa Tsering,instagram,false,true,399,desktop-ranking-archive-2026-09-15,0,,45.1
2026-10-05,Penpa Tsering,youtube,false,false,,,,,
2026-10-05,Sonam Dolma,instagram,true,false,3155,socialcrawl,1,,45.1
2026-10-05,Sonam Dolma,youtube,true,false,480,youtube_api,0,,45.1
2026-10-05,Sonam Chhomo,youtube,true,false,10,youtube_api,0,,42.4
2026-10-05,Sonam Chhomo,instagram,true,false,1792,socialcrawl,1,,42.4
2026-10-05,Aman Kumar Verma,instagram,true,false,105234,socialcrawl,1,,62.8
2026-10-05,Aman Kumar Verma,facebook,true,false,2400,socialcrawl,1,,62.8
2026-10-05,Aman Kumar Verma,youtube,false,false,,,,,
2026-10-05,Aman Kumar Verma,youtube,false,false,,,,,
2026-10-05,Gyalpo Tashi,x,true,false,155,socialcrawl,1,,60.9
2026-10-05,Gyalpo Tashi,instagram,false,true,458,desktop-ranking-archive-2026-09-15,0,,60.9
2026-10-05,Gyalpo Tashi,facebook,true,false,45000,socialcrawl,1,,60.9
2026-10-05,Sagar Gautam,instagram,false,false,,,,,
2026-10-05,Sagar Gautam,youtube,true,false,2,youtube_api,0,,18.3
2026-10-05,Tenzin Lekmay,instagram,false,false,,,,,
2026-10-05,Tenzin Lekmay,instagram,false,false,,,,,
2026-10-05,Robin Chakma(Brahma Dutta),youtube,true,false,4720,youtube_api,0,,57.7
