creator_name,platform,handle,profile_url,followers,following,post_count,total_views,total_likes,avg_likes,avg_comments,avg_views,provider_engagement_rate,verified,category,account_created_at,last_post_at,last_updated_at,resolution_status,raw_snippet,followers_source,posts_source
Lopon Jurmay Karma,instagram,jurmay_karma,https://instagram.com/jurmay_karma,2819,,,,,,,,,False,,,,2026-10-05T04:47:39+00:00,ok,"{'id': '3427122031', 'username': 'jurmay_karma', 'display_name': 'Jurmay Karma', 'avatar_url': 'https://scontent.cdninstagram.com/v/t51.82787-19/588230997_18422852695114032_5937976528468125521_n.jpg?_nc_cat=111&ccb=7-5&_nc_sid=bf7eb4&efg=eyJ2ZW5jb2RlX3RhZyI6InByb2ZpbGVfcGljLnd3dy4xMDgwLkMzIn0%3D&_nc_ohc=iFiJ98UEInQQ7kNvwGfm5Mm&_nc_oc=Adq0v44Eecz-aq80RKgcuNIMw66-S6IeJCSbRZ_jAR3vs22W8Loz13PCqv0M1XnyJFk&_nc_zt=24&_nc_ht=scontent.cdninstagram.com&_nc_gid=kdSTwyZfz_OOQKeTqwJheQ&_nc_ss=78a8c&oh=00_AQO",socialcrawl,socialcrawl
Dorjeepa,instagram,dorjeepa_official,https://instagram.com/dorjeepa_official,36810,,,,,,,,,False,,,,2026-10-05T04:47:38+00:00,ok,"{'id': '15906706223', 'username': 'dorjeepa_official', 'display_name': 'Karma zongpo Bhutia', 'avatar_url': 'https://scontent-lga3-1.cdninstagram.com/v/t51.82787-19/793947887_18147942469530224_8811107889700101526_n.jpg?_nc_cat=110&ccb=7-5&_nc_sid=bf7eb4&efg=eyJ2ZW5jb2RlX3RhZyI6InByb2ZpbGVfcGljLnd3dy4xMDgwLkMzIn0%3D&_nc_ohc=5e-vMMc2pXcQ7kNvwEZKYkk&_nc_oc=AdpMUnIOn4PA5cHw8TobLEB3Gj5KSFK70kDeDXAD1L51tHuM402EVS9fPnRSDX4JbI8&_nc_zt=24&_nc_ht=scontent-lga3-1.cdninstagram.com&_nc_gid=N3-9EUzre8ioeF-J6X",socialcrawl,socialcrawl
Chhewang Dorjee,instagram,m.g.m_tsewang,https://instagram.com/m.g.m_tsewang,1782,,,,,,,,,False,,,,2026-10-05T04:47:41+00:00,ok,"{'id': '27258620346', 'username': 'm.g.m_tsewang', 'display_name': 'Tsewang Dorjee', 'avatar_url': 'https://scontent-lax3-2.cdninstagram.com/v/t51.82787-19/792235781_18120851500908347_52790665172067452_n.jpg?_nc_cat=100&ccb=7-5&_nc_sid=bf7eb4&efg=eyJ2ZW5jb2RlX3RhZyI6InByb2ZpbGVfcGljLnd3dy4xMDgwLkMzIn0%3D&_nc_ohc=a5VD_HY8sdkQ7kNvwGe5n2s&_nc_oc=AdpLcaCgcTZclSoX6WSoy_T5jIf3DyGol-xQHiFhzhvPHGrZwbWz5mAjqA2SFIBnDPI&_nc_zt=24&_nc_ht=scontent-lax3-2.cdninstagram.com&_nc_gid=wxD4lr2MnZZ2y8yek8KVRw&_nc_ss",socialcrawl,socialcrawl
Tashi Takpa,instagram,spitimonktashi,https://instagram.com/spitimonktashi,26941,,,,,,,,,False,,,,2026-10-05T04:47:40+00:00,ok,"{'id': '1595940551', 'username': 'spitimonktashi', 'display_name': 'Tashi Dakpa', 'avatar_url': 'https://scontent-lga3-3.cdninstagram.com/v/t51.82787-19/795068812_18634984174036552_574732084370457759_n.jpg?_nc_cat=106&ccb=7-5&_nc_sid=bf7eb4&efg=eyJ2ZW5jb2RlX3RhZyI6InByb2ZpbGVfcGljLnd3dy4xMDgwLkMzIn0%3D&_nc_ohc=dVU-4LuD1-YQ7kNvwHcFGnb&_nc_oc=Adom-MrodK_-qO9muJSulM6BJTp3h6Kou_evy5DABfmw_3BgjP_47zSW5uPjhxlm7Nw&_nc_zt=24&_nc_ht=scontent-lga3-3.cdninstagram.com&_nc_gid=uo2Hr1MADF3ATa1v6hpOzg&_nc_ss=7",socialcrawl,socialcrawl
Bhuchung Kata (Kalsang Tashi),instagram,bhuchungkata,https://instagram.com/bhuchungkata,10224,,,,,,,,,False,,,,2026-10-05T04:47:39+00:00,ok,"{'id': '4576961113', 'username': 'bhuchungkata', 'display_name': 'Bhuchung Kata བོད་ཁྱིམ།', 'avatar_url': 'https://scontent-mia5-1.cdninstagram.com/v/t51.82787-19/813966427_18416372788153114_4483260477685146039_n.jpg?_nc_cat=102&ccb=7-5&_nc_sid=bf7eb4&efg=eyJ2ZW5jb2RlX3RhZyI6InByb2ZpbGVfcGljLnd3dy4xMDMyLkMzIn0%3D&_nc_ohc=RCvpHAeevk8Q7kNvwFn8Pva&_nc_oc=AdpooTdnueR-9Vk8gMgXVRF2OcYKG47QLwqxKPNNZKfac7BLsxGAEqE5jOCozJ9Kl9U&_nc_zt=24&_nc_ht=scontent-mia5-1.cdninstagram.com&_nc_gid=lfogoxHJhlMyIBx8RMFw",socialcrawl,socialcrawl
Tashi Lhamo A,instagram,Tashilamo,https://instagram.com/tashilamo,3,,,,,,,,,False,,,,2026-10-05T04:47:38+00:00,ok,"{'id': '49931935770', 'username': 'tashilamo', 'display_name': 'Tashi Lamo', 'avatar_url': 'https://scontent-bos5-1.cdninstagram.com/v/t51.89012-19/573323465_1219825463302212_7278921664109726296_n.jpg?stp=dst-jpg_tt6&_nc_cat=1&ig_cache_key=YW5vbnltb3VzX3Byb2ZpbGVfcGlj.3-ccb7-5&ccb=7-5&_nc_sid=bf7eb4&efg=eyJ2ZW5jb2RlX3RhZyI6InByb2ZpbGVfcGljLnd3dy4xNTAuQzMifQ%3D%3D&_nc_ohc=TvJzLfMMkioQ7kNvwEoDFjc&_nc_oc=AdrWn7o9TZmPM-PL1teKs7uZr1jQX9P1t35OVPGubggpVjf3YmuxAQAcMGlj8_Fk_NI&_nc_zt=24&_nc_ht=scontent-b",socialcrawl,
Tashi Lhamo A,instagram,Tashi,https://instagram.com/tashi,691,,,,,,,,,False,,,,2026-10-05T04:47:38+00:00,ok,"{'id': '574649', 'username': 'tashi', 'display_name': 'tashi', 'avatar_url': 'https://scontent-ord5-2.cdninstagram.com/v/t51.89012-19/573323465_1219825463302212_7278921664109726296_n.jpg?stp=dst-jpg_tt6&_nc_cat=1&ig_cache_key=YW5vbnltb3VzX3Byb2ZpbGVfcGlj.3-ccb7-5&ccb=7-5&_nc_sid=bf7eb4&efg=eyJ2ZW5jb2RlX3RhZyI6InByb2ZpbGVfcGljLnd3dy4xNTAuQzMifQ%3D%3D&_nc_ohc=TvJzLfMMkioQ7kNvwG4TZ15&_nc_oc=AdrQirG18kOYIHcvwTM5Cth55rWmHjCOxGvL1irEDAiE5gj2ZDzOBR13TVFTAmYpwuw&_nc_zt=24&_nc_ht=scontent-ord5-2.cdninsta",socialcrawl,socialcrawl
Tashi Lamo,instagram,munpa.rabsel,https://instagram.com/munpa.rabsel,3090,,,,,,,,,False,,,,2026-10-05T04:47:40+00:00,ok,"{'id': '75800018078', 'username': 'munpa.rabsel', 'display_name': 'Munpa Rabsel', 'avatar_url': 'https://scontent-phl2-1.cdninstagram.com/v/t51.82787-19/563294954_17859237939522079_3442540574459075663_n.jpg?_nc_cat=105&ccb=7-5&_nc_sid=bf7eb4&efg=eyJ2ZW5jb2RlX3RhZyI6InByb2ZpbGVfcGljLnd3dy4xMDgwLkMzIn0%3D&_nc_ohc=ACsWkpR8n00Q7kNvwF_OZYE&_nc_oc=AdoCIHSrE8rTCKhJoUMpO3gdmoyZSfwu6tvvCs_AbTSf-kjcTqbs2Uclr1qNai4Qaps&_nc_zt=24&_nc_ht=scontent-phl2-1.cdninstagram.com&_nc_gid=CX18HIZdlasW2Cu7I7ioRQ&_nc_ss=",socialcrawl,socialcrawl
Rigzin Angmo,instagram,mundane.rabsel,https://instagram.com/mundane.rabsel,,,,,,,,,,,,,,2026-10-05T04:47:40+00:00,not-found,404 Client Error: Not Found for url: https://www.socialcrawl.dev/v1/instagram/profile?handle=mundane.rabsel,,
Tenzin Phuljung,instagram,phuljung_,https://instagram.com/phuljung_,,,,,,,,,,,,,,2026-10-05T04:47:40+00:00,not-found,404 Client Error: Not Found for url: https://www.socialcrawl.dev/v1/instagram/profile?handle=phuljung_,,
Pranav Subhash Dandge,instagram,_buddhabhumi_,https://instagram.com/_buddhabhumi_,122839,,,,,,,,,False,,,,2026-10-05T04:47:39+00:00,ok,"{'id': '65569388705', 'username': '_buddhabhumi_', 'display_name': 'Buddhabhumi', 'avatar_url': 'https://scontent-lax3-2.cdninstagram.com/v/t51.82787-19/790024842_17962480923188706_5661579716044724855_n.jpg?_nc_cat=100&ccb=7-5&_nc_sid=bf7eb4&efg=eyJ2ZW5jb2RlX3RhZyI6InByb2ZpbGVfcGljLnd3dy42NDAuQzMifQ%3D%3D&_nc_ohc=ZyLxoZ2qYBMQ7kNvwFMfn7I&_nc_oc=AdqNxlixXIkgxQSZioacVWFFFx39n7RGsni8n0olcdSJcdSgx7TRbenRjUg95OVPgsk&_nc_zt=24&_nc_ht=scontent-lax3-2.cdninstagram.com&_nc_gid=TmmOa55MyeGWoEpI7_H8tg&_nc_s",socialcrawl,socialcrawl
Pranav Subhash Dandge,instagram,_monks_place_,https://instagram.com/_monks_place_,,,,,,,,,,,,,,2026-10-05T04:47:39+00:00,not-found,404 Client Error: Not Found for url: https://www.socialcrawl.dev/v1/instagram/profile?handle=_monks_place_,,
Yash Dixit,instagram,bhagwanji_,https://instagram.com/bhagwanji_,7252,,,,,,,,,False,,,,2026-10-05T04:47:41+00:00,ok,"{'id': '3606288245', 'username': 'bhagwanji_', 'display_name': 'ཡཤ་ दीक्षित   (𑀬𑀲 𑀤𑀺𑀓𑀲𑀺𑀢)', 'avatar_url': 'https://scontent-lga3-3.cdninstagram.com/v/t51.82787-19/688824884_18421610347120246_2353700852060734897_n.jpg?_nc_cat=106&ccb=7-5&_nc_sid=bf7eb4&efg=eyJ2ZW5jb2RlX3RhZyI6InByb2ZpbGVfcGljLnd3dy4xMDgwLkMzIn0%3D&_nc_ohc=e12UU0CxwGAQ7kNvwHfoU9T&_nc_oc=AdrLbYMD-t54bSRP51UlZqztbx4xtMw2KSYgiQY5Y6sA2Aau-2bcaXOzGRUOCS_Lm3w&_nc_zt=24&_nc_ht=scontent-lga3-3.cdninstagram.com&_nc_gid=h9f2plTJIkgF4jl_2dnY",socialcrawl,socialcrawl
Bharat nakwal,instagram,bharat_nakwal_world,https://instagram.com/bharat_nakwal_world,100298,,,,,,,,,False,,,,2026-10-05T04:47:40+00:00,ok,"{'id': '57052524844', 'username': 'bharat_nakwal_world', 'display_name': 'Bharat Nakwal | History Explorer', 'avatar_url': 'https://scontent-atl3-2.cdninstagram.com/v/t51.2885-19/429707378_425720073247999_5778015381999273102_n.jpg?_nc_cat=104&ccb=7-5&_nc_sid=bf7eb4&efg=eyJ2ZW5jb2RlX3RhZyI6InByb2ZpbGVfcGljLnd3dy4xMDgwLkMzIn0%3D&_nc_ohc=axfqPZbOq4wQ7kNvwELCy00&_nc_oc=AdobAFFyuK5SnRR1ZMYlaaiMi49roXQXMK6QsAN7-ZKo5QINEN8Reo6D5R6Hd9wI7U4&_nc_zt=24&_nc_ht=scontent-atl3-2.cdninstagram.com&_nc_ss=78a8c&o",socialcrawl,socialcrawl
Gabriel Kobler,instagram,dharmadhara.de,https://instagram.com/dharmadhara.de,275,,,,,,,,,False,,,,2026-10-05T04:47:40+00:00,ok,"{'id': '59676334202', 'username': 'dharmadhara.de', 'display_name': 'Dharmadhara Studienprogramm', 'avatar_url': 'https://scontent-lax3-2.cdninstagram.com/v/t51.2885-19/481809299_1367368358025139_421537208282365415_n.jpg?_nc_cat=100&ccb=7-5&_nc_sid=bf7eb4&efg=eyJ2ZW5jb2RlX3RhZyI6InByb2ZpbGVfcGljLnd3dy4zNTQuQzMifQ%3D%3D&_nc_ohc=ouw9mA2njcAQ7kNvwE9ZW9c&_nc_oc=AdpcmLUJBLHCOcq9nX071L2FElpI63ND2w815bgnuUWLuJO1Us9bMPSIyubZ-6ZYKN4&_nc_zt=24&_nc_ht=scontent-lax3-2.cdninstagram.com&_nc_ss=78a8c&oh=00_AQM",socialcrawl,socialcrawl
Aditi Patwari,instagram,mindfulgatheringsae,https://instagram.com/mindfulgatheringsae,134,,,,,,,,,False,,,,2026-10-05T04:47:41+00:00,ok,"{'id': '65249598893', 'username': 'mindfulgatheringsae', 'display_name': 'Mindful Gatherings', 'avatar_url': 'https://scontent-ord5-2.cdninstagram.com/v/t51.82787-19/621654658_17932706004174894_2429287412613476443_n.jpg?_nc_cat=105&ccb=7-5&_nc_sid=bf7eb4&efg=eyJ2ZW5jb2RlX3RhZyI6InByb2ZpbGVfcGljLnd3dy4xMDgwLkMzIn0%3D&_nc_ohc=d8Pk6WY99YsQ7kNvwEjYcO6&_nc_oc=AdqIzHQGXc0ittSPiwcZnpL2Uib7O6swZSiqXa0QJbFG1WX-3VmZNbyrn6yG7MHeC5I&_nc_zt=24&_nc_ht=scontent-ord5-2.cdninstagram.com&_nc_gid=fVDFMgK5uqOBczn4U",socialcrawl,socialcrawl
Rahul Dongre,instagram,mr.rahuldongre,https://instagram.com/mr.rahuldongre,212449,,,,,,,,,True,,,,2026-10-05T04:47:39+00:00,ok,"{'id': '39027893848', 'username': 'mr.rahuldongre', 'display_name': 'Rahul Dongre', 'avatar_url': 'https://scontent-ord5-1.cdninstagram.com/v/t51.2885-19/362899725_308753531619006_2077298891692338395_n.jpg?_nc_cat=110&ccb=7-5&_nc_sid=bf7eb4&efg=eyJ2ZW5jb2RlX3RhZyI6InByb2ZpbGVfcGljLnd3dy4xMDgwLkMzIn0%3D&_nc_ohc=uwULedE2BqkQ7kNvwE_ovS2&_nc_oc=Adov438CxiA63IgAW1A1HjDke9Z8KnuRIdTg-GNCGEnrkpaIA8nRnj50dBLnN92KSrw&_nc_zt=24&_nc_ht=scontent-ord5-1.cdninstagram.com&_nc_ss=78a8c&oh=00_AQOuGvq7BYkj4dHEUr7b",socialcrawl,socialcrawl
Aachen Tenzin (Thupten),instagram,aachentenzin,https://instagram.com/aachentenzin,74358,,,,,,,,,False,,,,2026-10-05T04:47:39+00:00,ok,"{'id': '3577752964', 'username': 'aachentenzin', 'display_name': 'Aachen Tenzin', 'avatar_url': 'https://scontent-lga3-3.cdninstagram.com/v/t51.2885-19/446112748_363690562953374_5801803069263955482_n.jpg?_nc_cat=102&ccb=7-5&_nc_sid=bf7eb4&efg=eyJ2ZW5jb2RlX3RhZyI6InByb2ZpbGVfcGljLnd3dy4xMDgwLkMzIn0%3D&_nc_ohc=HPy-VeyP-VMQ7kNvwH3Lwfg&_nc_oc=AdqfENp5ro_ajfJOK69d06usU8NjHZjYJ6IaKBgnNdm0l1L9mqW1LBaSKFPyyxtR_Bg&_nc_zt=24&_nc_ht=scontent-lga3-3.cdninstagram.com&_nc_ss=78a8c&oh=00_AQOihihBXOoMLFnf3l38e7",socialcrawl,socialcrawl
Path of Liberation [ Norbu Tsering,instagram,path.of_liberation,https://instagram.com/path.of_liberation,16604,,,,,,,,,False,,,,2026-10-05T04:47:41+00:00,ok,"{'id': '65954592086', 'username': 'path.of_liberation', 'display_name': 'Path of Liberation', 'avatar_url': 'https://scontent-phl2-1.cdninstagram.com/v/t51.2885-19/470647630_1778954372863525_7032795284711929325_n.jpg?_nc_cat=110&ccb=7-5&_nc_sid=bf7eb4&efg=eyJ2ZW5jb2RlX3RhZyI6InByb2ZpbGVfcGljLnd3dy4xMDgwLkMzIn0%3D&_nc_ohc=jydHl5zeST0Q7kNvwG4MwH6&_nc_oc=AdqfDV30SL2W5UAezkMx7NtbQU_bTNRjoBpvp6zpYEa0VDFwOzr2X_iSjHE0PDPhhII&_nc_zt=24&_nc_ht=scontent-phl2-1.cdninstagram.com&_nc_ss=78a8c&oh=00_AQP9fBS7-",socialcrawl,socialcrawl
Yeshi Dorjee (khoe) Jinsel,instagram,iam_jinsel,https://instagram.com/iam_jinsel,10340,,,,,,,,,False,,,,2026-10-05T04:47:40+00:00,ok,"{'id': '15015909903', 'username': 'iam_jinsel', 'display_name': 'Jinsel | Building Clothing brand', 'avatar_url': 'https://scontent.cdninstagram.com/v/t51.82787-19/825269718_18157579666501904_8438352083032335680_n.jpg?_nc_cat=102&ccb=7-5&_nc_sid=bf7eb4&efg=eyJ2ZW5jb2RlX3RhZyI6InByb2ZpbGVfcGljLnd3dy4xMDgwLkMzIn0%3D&_nc_ohc=vWMPb7SOK3wQ7kNvwHW-dlH&_nc_oc=AdoBDGoREXZpANbwuPGvru-Y3cJCvkNTzBnKHGExA3kURnavwqkB7R39ELH-C1DZblY&_nc_zt=24&_nc_ht=scontent.cdninstagram.com&_nc_gid=4lbpY8nOcEVRMGfZhARv1w&_nc",socialcrawl,socialcrawl
Uttam Shetty (Nagaloka Center Nagpur),instagram,nagalokacenter,https://instagram.com/nagalokacenter,1710,,,,,,,,,False,,,,2026-10-05T04:47:40+00:00,ok,"{'id': '8721692203', 'username': 'nagalokacenter', 'display_name': 'Nagaloka Center Nagpur', 'avatar_url': 'https://scontent-lga3-3.cdninstagram.com/v/t51.2885-19/42607286_528846767579414_604632641093763072_n.jpg?_nc_cat=104&ccb=7-5&_nc_sid=bf7eb4&efg=eyJ2ZW5jb2RlX3RhZyI6InByb2ZpbGVfcGljLnd3dy4xMDgwLkMzIn0%3D&_nc_ohc=T_Ccte_MJeUQ7kNvwFmsriz&_nc_oc=AdrtVRXjRx3Kxu3iOWZbjTQ8zc580qcDnSwyrc0ba-XRO_KxOhIfsI7WOzwlZRNwdJ8&_nc_zt=24&_nc_ht=scontent-lga3-3.cdninstagram.com&_nc_ss=78a8c&oh=00_AQMMCuNyY1aPg",socialcrawl,socialcrawl
Ranjeet Shrawan Thool (Dhammachari Aryaketu),instagram,aryaketu,https://instagram.com/aryaketu,747,,,,,,,,,False,,,,2026-10-05T04:47:40+00:00,ok,"{'id': '5904240845', 'username': 'aryaketu', 'display_name': 'Aryaketu Dh', 'avatar_url': 'https://scontent-det1-1.cdninstagram.com/v/t51.2885-19/483623771_595499476811272_620145003283397170_n.jpg?_nc_cat=100&ccb=7-5&_nc_sid=bf7eb4&efg=eyJ2ZW5jb2RlX3RhZyI6InByb2ZpbGVfcGljLnd3dy4xMDI0LkMzIn0%3D&_nc_ohc=v7FmP-1EmXsQ7kNvwGqM7UJ&_nc_oc=Adp5rZMv2IwonD-rTzFXuH84MoOGzwM1llw4j3oY4pWVo0h8vexOzHrYxqkZVOUu0cU&_nc_zt=24&_nc_ht=scontent-det1-1.cdninstagram.com&_nc_ss=78a8c&oh=00_AQPntLtzDU7coNpZnXJB5lN1YLiZ4",socialcrawl,socialcrawl
Tejdarshan,instagram,tejdarshan,https://instagram.com/tejdarshan,,,,,,,,,,,,,,2026-10-05T04:47:41+00:00,private,private account,,
Rajat Mourya,instagram,therajatmourya,https://instagram.com/therajatmourya,73010,,,,,,,,,False,,,,2026-10-05T04:47:42+00:00,ok,"{'id': '56694361852', 'username': 'therajatmourya', 'display_name': 'Rajat Mourya | Digital Creator', 'avatar_url': 'https://scontent.cdninstagram.com/v/t51.82787-19/622247194_18004174049889853_1964014619300564160_n.jpg?_nc_cat=106&ccb=7-5&_nc_sid=bf7eb4&efg=eyJ2ZW5jb2RlX3RhZyI6InByb2ZpbGVfcGljLnd3dy4xMDgwLkMzIn0%3D&_nc_ohc=etCUjP7btXsQ7kNvwHE-IJA&_nc_oc=Adof-CorAnauxYNrfT7vnE8PnAZvcSqLXfsaSANs_xMOGo3G_uFfvMWkg9U5SU5ZZk0&_nc_zt=24&_nc_ht=scontent.cdninstagram.com&_nc_gid=NtuKYrluwv_3OzJJ8978LQ&_",socialcrawl,socialcrawl
Pema Yonten,instagram,pema.yonten.942,https://instagram.com/pema.yonten.942,510,,,,,,,,,False,,,,2026-10-05T04:47:40+00:00,ok,"{'id': '39699499471', 'username': 'pema.yonten.942', 'display_name': 'Pema Yonten', 'avatar_url': 'https://scontent-bos5-1.cdninstagram.com/v/t51.82787-19/608006543_18083078522323472_5841066053553970198_n.jpg?_nc_cat=106&ccb=7-5&_nc_sid=bf7eb4&efg=eyJ2ZW5jb2RlX3RhZyI6InByb2ZpbGVfcGljLnd3dy4xMDgwLkMzIn0%3D&_nc_ohc=Q0-AsrEsX4AQ7kNvwH1XmTW&_nc_oc=AdoQunSl02g_LYHOBgUhsuqnA4u8lzt_RarH_IOE73m7u7mPmC8NT23Mc7j2yIDg7T8&_nc_zt=24&_nc_ht=scontent-bos5-1.cdninstagram.com&_nc_gid=ZTuPnaxgkmp65aK40B-YZQ&_nc_s",socialcrawl,socialcrawl
Sherab Wangmo,instagram,lukzifilms,https://instagram.com/lukzifilms,4354,,,,,,,,,False,,,,2026-10-05T04:47:41+00:00,ok,"{'id': '1513746503', 'username': 'lukzifilms', 'display_name': 'Tibetan • शेरब', 'avatar_url': 'https://scontent-lga3-2.cdninstagram.com/v/t51.82787-19/562540151_18531355591018504_818957936796960064_n.jpg?_nc_cat=107&ccb=7-5&_nc_sid=bf7eb4&efg=eyJ2ZW5jb2RlX3RhZyI6InByb2ZpbGVfcGljLnd3dy4xMDgwLkMzIn0%3D&_nc_ohc=J7mIHTFwWJAQ7kNvwHt2qkh&_nc_oc=AdrWt-utR_8hQr0AFqaoemx4qe6EEsgIuFozse3DSyPrS6lU9P4K4oZvGGgBqAxD0Xw&_nc_zt=24&_nc_ht=scontent-lga3-2.cdninstagram.com&_nc_gid=NpLEVQZuOPF-ptVvysc5JA&_nc_ss=78",socialcrawl,socialcrawl
Stanzin Namtol,instagram,stanzinnamtol,https://instagram.com/stanzinnamtol,4,,,,,,,,,False,,,,2026-10-05T04:47:38+00:00,ok,"{'id': '78424192216', 'username': 'stanzinnamtol', 'display_name': None, 'avatar_url': 'https://scontent-lga3-1.cdninstagram.com/v/t51.89012-19/573323465_1219825463302212_7278921664109726296_n.jpg?stp=dst-jpg_tt6&_nc_cat=1&ig_cache_key=YW5vbnltb3VzX3Byb2ZpbGVfcGlj.3-ccb7-5&ccb=7-5&_nc_sid=bf7eb4&efg=eyJ2ZW5jb2RlX3RhZyI6InByb2ZpbGVfcGljLnd3dy4xNTAuQzMifQ%3D%3D&_nc_ohc=TvJzLfMMkioQ7kNvwHLFRtX&_nc_oc=AdoPkPeMSRqDXua5ppNxm9cObU6kdqbM1qV3sEaHaX1zskTMaof3EsyH6MeeFeoPbEc&_nc_zt=24&_nc_ht=scontent-lga3-",socialcrawl,
Stanzin Lotos,instagram,tselopa13,https://instagram.com/tselopa13,,,,,,,,,,,,,,2026-10-05T04:47:39+00:00,not-found,404 Client Error: Not Found for url: https://www.socialcrawl.dev/v1/instagram/profile?handle=tselopa13,,
SANTOSH SAKHARAM AMBHORE,instagram,_dasturkhudda_,https://instagram.com/_dasturkhudda_,4002,,,,,,,,,True,,,,2026-10-05T04:47:39+00:00,ok,"{'id': '3320069209', 'username': '_dasturkhudda_', 'display_name': 'संतोष आंभोरे', 'avatar_url': 'https://scontent.cdninstagram.com/v/t51.2885-19/278836163_288696879976168_2831149814728010402_n.jpg?_nc_cat=103&ccb=7-5&_nc_sid=bf7eb4&efg=eyJ2ZW5jb2RlX3RhZyI6InByb2ZpbGVfcGljLnd3dy45NTcuQzMifQ%3D%3D&_nc_ohc=f1QAu5MZWEUQ7kNvwEOiyY8&_nc_oc=AdrzSTOgzsxXstvyAnBriXE4Jzi4BSsYDfu-TkKnvDTTwpIuC3IYzFAshdbNd4tWeB4&_nc_zt=24&_nc_ht=scontent.cdninstagram.com&_nc_ss=78a8c&oh=00_AQPGSNKf85LMvEuLhogaiE3pvktDTaJIZ",socialcrawl,socialcrawl
Ganesh Palshikar (Guhyaprakash),instagram,palshikarg,https://instagram.com/palshikarg,,,,,,,,,,,,,,2026-10-05T04:47:40+00:00,not-found,404 Client Error: Not Found for url: https://www.socialcrawl.dev/v1/instagram/profile?handle=palshikarg,,
"Jay Liao, Yeshe gyatso",instagram,manjushri.foreveryoung,https://instagram.com/manjushri.foreveryoung,303,,,,,,,,,False,,,,2026-10-05T04:43:10+00:00,ok,"{'id': '72844760160', 'username': 'manjushri.foreveryoung', 'display_name': 'Prabha耶喜嘉措', 'avatar_url': 'https://scontent-hou1-1.cdninstagram.com/v/t51.82787-19/562566219_17875635006424161_7716656628398942977_n.jpg?_nc_cat=109&ccb=7-5&_nc_sid=bf7eb4&efg=eyJ2ZW5jb2RlX3RhZyI6InByb2ZpbGVfcGljLnd3dy4xMDgwLkMzIn0%3D&_nc_ohc=K-arZ6ZpSZwQ7kNvwG67mEL&_nc_oc=Ado3xufgkqz8kV53IHd1dRSt96gWsqL_1Y55jYp-pycZXbncDEtXYCZojGbQn3g-TkU&_nc_zt=24&_nc_ht=scontent-hou1-1.cdninstagram.com&_nc_gid=ClzwG0Jxm2bqZ0BWIAORxg",socialcrawl,socialcrawl
Siddharth Negi,instagram,siddmintoo,https://instagram.com/siddmintoo,964,,,,,,,,,False,,,,2026-10-05T04:43:09+00:00,ok,"{'id': '7062860317', 'username': 'siddmintoo', 'display_name': 'Negi- Siddharth シッダールト・ネギ', 'avatar_url': 'https://scontent-lga3-2.cdninstagram.com/v/t51.82787-19/797101915_18378923992236318_3106263470102838184_n.jpg?_nc_cat=105&ccb=7-5&_nc_sid=bf7eb4&efg=eyJ2ZW5jb2RlX3RhZyI6InByb2ZpbGVfcGljLnd3dy4xMDgwLkMzIn0%3D&_nc_ohc=uBA0FSUM1kUQ7kNvwHKdSO4&_nc_oc=AdrdeaW91uhT2lNRhrkEjv9NShpjn6PrzCjohV96u5gQ_jrQVqSqRw-g0kNHhLQzPjc&_nc_zt=24&_nc_ht=scontent-lga3-2.cdninstagram.com&_nc_gid=qnfiwFKRem9-cWq47tGj",socialcrawl,socialcrawl
Jigme Wangmo,instagram,jikgmewang,https://instagram.com/jikgmewang,,,,,,,,,,,,,,2026-10-05T04:43:08+00:00,not-found,404 Client Error: Not Found for url: https://www.socialcrawl.dev/v1/instagram/profile?handle=jikgmewang,,
Pema Lhaden,instagram,Palnadidas,https://instagram.com/palnadidas,,,,,,,,,,,,,,2026-10-05T04:43:08+00:00,not-found,404 Client Error: Not Found for url: https://www.socialcrawl.dev/v1/instagram/profile?handle=Palnadidas,,
Suresh Kumar,instagram,wlbsnews,https://instagram.com/wlbsnews,32584,,,,,,,,,False,,,,2026-10-05T04:43:11+00:00,ok,"{'id': '3148301423', 'username': 'wlbsnews', 'display_name': 'WLBS News', 'avatar_url': 'https://scontent-phl2-1.cdninstagram.com/v/t51.75761-19/491452339_18397323445109424_759609170219060166_n.jpg?_nc_cat=101&ccb=7-5&_nc_sid=bf7eb4&efg=eyJ2ZW5jb2RlX3RhZyI6InByb2ZpbGVfcGljLnd3dy4xMDgwLkMzIn0%3D&_nc_ohc=swqgNRL9kaIQ7kNvwELdc11&_nc_oc=Ado4R0VsUTzsv4w5s2n0LmRZi8Zt9owQINGhREQml_a57c7rFiQUaCjnpUNh3W-4gLI&_nc_zt=24&_nc_ht=scontent-phl2-1.cdninstagram.com&_nc_gid=5jmU1aQftp2ZxzxRaWhPJQ&_nc_ss=78a8c&oh=",socialcrawl,socialcrawl
Satyajeet Chakma (Ven. Jinananda Thera),instagram,bhante.jinananda,https://instagram.com/bhante.jinananda,132,,,,,,,,,False,,,,2026-10-05T04:43:10+00:00,ok,"{'id': '8451865613', 'username': 'bhante.jinananda', 'display_name': 'Venerable Jinananda Thera', 'avatar_url': 'https://scontent-phl2-1.cdninstagram.com/v/t51.82787-19/671721283_18317891233281614_8695645254842403612_n.jpg?_nc_cat=107&ccb=7-5&_nc_sid=bf7eb4&efg=eyJ2ZW5jb2RlX3RhZyI6InByb2ZpbGVfcGljLnd3dy44NTUuQzMifQ%3D%3D&_nc_ohc=Pg-O3uQZwUQQ7kNvwG7FMWM&_nc_oc=AdqJ5SOnTCn8jM6mrNCL-tqTTz38LI540dANUTzwJsZXhYpsUGlzKrrmYm-y005cnqE&_nc_zt=24&_nc_ht=scontent-phl2-1.cdninstagram.com&_nc_gid=U8KWOoXGSHXQ",socialcrawl,socialcrawl
Dorje kalzang,instagram,dkboss0301,https://instagram.com/dkboss0301,,,,,,,,,,,,,,2026-10-05T04:43:09+00:00,not-found,404 Client Error: Not Found for url: https://www.socialcrawl.dev/v1/instagram/profile?handle=dkboss0301,,
Siddharth Shivnarayan Misal,instagram,buddhist_caves_and_stupa,https://instagram.com/buddhist_caves_and_stupa,15901,,,,,,,,,False,,,,2026-10-05T04:43:08+00:00,ok,"{'id': '44475867150', 'username': 'buddhist_caves_and_stupa', 'display_name': '𝐁𝐔𝐃𝐃𝐇𝐈𝐒𝐓 𝐂𝐀𝐕𝐄𝐒 & 𝐒𝐓𝐔𝐏𝐀', 'avatar_url': 'https://scontent-iad6-1.cdninstagram.com/v/t51.82787-19/649234709_18098253959483151_3034954943026416527_n.jpg?_nc_cat=100&ccb=7-5&_nc_sid=bf7eb4&efg=eyJ2ZW5jb2RlX3RhZyI6InByb2ZpbGVfcGljLnd3dy4xMDgwLkMzIn0%3D&_nc_ohc=sPprR52FZmQQ7kNvwFoVLL8&_nc_oc=Adp49D3WMpPaRRL7KJIlJuR2lU46qYlhZN_0A-5rXzSOlUbCJrAVDll8SubsMUmsMG0&_nc_zt=24&_nc_ht=scontent-iad6-1.cdninstagram.com&_nc_gid=gg1rXaKR",socialcrawl,socialcrawl
Pratibha Patil,instagram,Pratibha_pink_princess,https://instagram.com/pratibha_pink_princess,1342,,,,,,,,,False,,,,2026-10-05T04:47:35+00:00,ok,"{'id': '3318940212', 'username': 'pratibha_pink_princess', 'display_name': 'Pratibha', 'avatar_url': 'https://scontent-iad3-2.cdninstagram.com/v/t51.2885-19/481958326_628503586794335_4633625754177509853_n.jpg?_nc_cat=111&ccb=7-5&_nc_sid=bf7eb4&efg=eyJ2ZW5jb2RlX3RhZyI6InByb2ZpbGVfcGljLnd3dy4xMDgwLkMzIn0%3D&_nc_ohc=THuyduAaSjoQ7kNvwFAOxi6&_nc_oc=AdrSO1qp_RhadRbUBnGtQJ2l9UY1KZp33H9NOdHeqHMqidC7z0wodIdN88iajEb7Mlg&_nc_zt=24&_nc_ht=scontent-iad3-2.cdninstagram.com&_nc_ss=78a8c&oh=00_AQOtVI3rBA_Cs96x4",socialcrawl,socialcrawl
tenpunlama (Tenzin Phuntsok),instagram,silent.path_108,https://instagram.com/silent.path_108,,,,,,,,,,,,,,2026-10-05T04:43:12+00:00,private,private account,,
SANGITKUMAR TIRESHWAR SAKHARE,instagram,rahagirbodhi,https://instagram.com/rahagirbodhi,3547,,,,,,,,,False,,,,2026-10-05T04:43:10+00:00,ok,"{'id': '37151412205', 'username': 'rahagirbodhi', 'display_name': 'Sangit Sakhare', 'avatar_url': 'https://scontent-ord5-1.cdninstagram.com/v/t51.2885-19/461041753_914916927171423_2195766698210221149_n.jpg?_nc_cat=101&ccb=7-5&_nc_sid=bf7eb4&efg=eyJ2ZW5jb2RlX3RhZyI6InByb2ZpbGVfcGljLnd3dy4xMDgwLkMzIn0%3D&_nc_ohc=qUTy6BF3k4kQ7kNvwHuyoz-&_nc_oc=Adq-_bNRHFgq09O4dZ2ehIHxSEOz4W1o1ozPHyjqVSL7Lztk0F2Y2vJI0CDXsm47Dsw&_nc_zt=24&_nc_ht=scontent-ord5-1.cdninstagram.com&_nc_ss=78a8c&oh=00_AQO3u6v2nfkbnqpjMXdC",socialcrawl,socialcrawl
Pema Lhendup,instagram,lhenday,https://instagram.com/lhenday,637,,,,,,,,,False,,,,2026-10-05T04:43:08+00:00,ok,"{'id': '33642799184', 'username': 'lhenday', 'display_name': 'Pema Lhendup', 'avatar_url': 'https://scontent-iad6-1.cdninstagram.com/v/t51.82787-19/670915172_18096481424127185_4672403660776922282_n.jpg?_nc_cat=106&ccb=7-5&_nc_sid=bf7eb4&efg=eyJ2ZW5jb2RlX3RhZyI6InByb2ZpbGVfcGljLnd3dy42NDUuQzMifQ%3D%3D&_nc_ohc=OlHDZUdUamkQ7kNvwFZqhWN&_nc_oc=Adrq0Tqj0iUi4YZplgTe0SeUFJTQJ8Y2LHyNmp1QqdaXO27VPEpa_Z64RizrTVjnX4I&_nc_zt=24&_nc_ht=scontent-iad6-1.cdninstagram.com&_nc_gid=t5dR7DBw0z-l1s9GPCRV6Q&_nc_ss=78a",socialcrawl,socialcrawl
Sonam Gyeltshen,instagram,LOTUS_NOTES3,https://instagram.com/lotus_notes3,124,,,,,,,,,False,,,,2026-10-05T04:43:09+00:00,ok,"{'id': '79578007771', 'username': 'lotus_notes3', 'display_name': 'Lotus Notes -The Daily Dharma', 'avatar_url': 'https://scontent-atl3-2.cdninstagram.com/v/t51.82787-19/609926748_17846461182655772_6848513485558319114_n.jpg?_nc_cat=111&ccb=7-5&_nc_sid=bf7eb4&efg=eyJ2ZW5jb2RlX3RhZyI6InByb2ZpbGVfcGljLnd3dy4xMDgwLkMzIn0%3D&_nc_ohc=99ZaOYPZHFkQ7kNvwEFRJay&_nc_oc=AdrpVlmRNJLRu4RB-uMAQO_OnBrEX9E1hRXYeE9nIq3AzCesal4WrSpBJIVrSGNsLks&_nc_zt=24&_nc_ht=scontent-atl3-2.cdninstagram.com&_nc_gid=DHuFO4H76fp9P",socialcrawl,socialcrawl
Tibet Dr shakya (karma gyedun),instagram,tibet_dr_shakya,https://instagram.com/tibet_dr_shakya,22021,,,,,,,,,False,,,,2026-10-05T04:43:09+00:00,ok,"{'id': '39816661881', 'username': 'tibet_dr_shakya', 'display_name': 'Tibet Dr Shakya', 'avatar_url': 'https://scontent-sea5-1.cdninstagram.com/v/t51.2885-19/353575078_935881767690429_2152194158692442452_n.jpg?stp=dst-jpg_e0_s150x150_tt6&_nc_cat=100&ig_cache_key=GKYgExW9oFD0LVMDAFShiDwvId4dbkULAAAB1501500j-ccb7-5&ccb=7-5&_nc_sid=669407&efg=eyJ2ZW5jb2RlX3RhZyI6InByb2ZpbGVfcGljLnd3dy4xMDgwLkMzIn0%3D&_nc_ohc=iEW9WiE4sLgQ7kNvwFUMrA2&_nc_oc=AdqBGXjs25SicPHnxFQn9ExgQraOmxpTXbEJ6wY8EKaPDgbwdoiVKDD4mSK_",socialcrawl,socialcrawl
Ho Vu Dieu Tuyen,instagram,peacein.diutiens.soul,https://instagram.com/peacein.diutiens.soul,,,,,,,,,,,,,,2026-10-05T04:43:09+00:00,not-found,404 Client Error: Not Found for url: https://www.socialcrawl.dev/v1/instagram/profile?handle=peacein.diutiens.soul,,
Sonam Lhamu Khochilu,instagram,SonamKhochilu,https://instagram.com/sonamkhochilu,12411,,,,,,,,,False,,,,2026-10-05T04:43:09+00:00,ok,"{'id': '5772742674', 'username': 'sonamkhochilu', 'display_name': 'Sonam Lhamu Khochilu', 'avatar_url': 'https://scontent-lga3-3.cdninstagram.com/v/t51.82787-19/743050437_18417458914198675_3195244077082609301_n.jpg?_nc_cat=106&ccb=7-5&_nc_sid=bf7eb4&efg=eyJ2ZW5jb2RlX3RhZyI6InByb2ZpbGVfcGljLnd3dy4xMDgwLkMzIn0%3D&_nc_ohc=T6412uIcKqEQ7kNvwEBg9Va&_nc_oc=Ado3HLmTSUmX-4lWb3I8BZU3IZ9MdTLUr5reOfTHJnITBzb3jC5CS0xSedxDZa33gH4&_nc_zt=24&_nc_ht=scontent-lga3-3.cdninstagram.com&_nc_gid=KpU2E8K_UqIvWrgogSuoVA",socialcrawl,socialcrawl
Karma Dolma,instagram,_kadonn,https://instagram.com/_kadonn,2447,,,,,,,,,False,,,,2026-10-05T04:43:09+00:00,ok,"{'id': '13845121877', 'username': '_kadonn', 'display_name': None, 'avatar_url': 'https://scontent-lga3-3.cdninstagram.com/v/t51.82787-19/801439108_18168098590457878_526946155816908357_n.jpg?_nc_cat=102&ccb=7-5&_nc_sid=bf7eb4&efg=eyJ2ZW5jb2RlX3RhZyI6InByb2ZpbGVfcGljLnd3dy4xMDgwLkMzIn0%3D&_nc_ohc=VWVSLX6rjuQQ7kNvwG_ZekZ&_nc_oc=AdptWDpEuV3tDmsOwdaMZw591TSpbkF_5unIDVcPa_BlxgN7tiKIkBVknWfopY8U794&_nc_zt=24&_nc_ht=scontent-lga3-3.cdninstagram.com&_nc_gid=M_enDmna6lA549b6-nX6iA&_nc_ss=78a8c&oh=00_AQPB",socialcrawl,socialcrawl
nawang dechen kc,instagram,lhamuchhimi,https://instagram.com/lhamuchhimi,34180,,,,,,,,,False,,,,2026-10-05T04:43:09+00:00,ok,"{'id': '57295590917', 'username': 'lhamuchhimi', 'display_name': 'Chhimi Lhamu', 'avatar_url': 'https://scontent-hou1-1.cdninstagram.com/v/t51.2885-19/325170869_1475403502987907_1525849155489254692_n.jpg?_nc_cat=104&ccb=7-5&_nc_sid=bf7eb4&efg=eyJ2ZW5jb2RlX3RhZyI6InByb2ZpbGVfcGljLnd3dy43MjAuQzMifQ%3D%3D&_nc_ohc=fcIEHmZhm4oQ7kNvwHMxadF&_nc_oc=Ado_PQ7yDoMweUyQndHQh4-KUwBtk1xvSG6w14E3UCZQFx1Eno4ecvHUugtUvQtHkkQ&_nc_zt=24&_nc_ht=scontent-hou1-1.cdninstagram.com&_nc_ss=78a8c&oh=00_AQP60RfQ8pvzIIIfGnhj",socialcrawl,socialcrawl
Thupten Sherab,instagram,yakdzi,https://instagram.com/yakdzi,17335,,,,,,,,,False,,,,2026-10-05T04:43:09+00:00,ok,"{'id': '44706105472', 'username': 'yakdzi', 'display_name': 'Yak dzi', 'avatar_url': 'https://scontent-sjc3-1.cdninstagram.com/v/t51.2885-19/489944369_1651929365684428_4165169267017895772_n.jpg?_nc_cat=110&ccb=7-5&_nc_sid=bf7eb4&efg=eyJ2ZW5jb2RlX3RhZyI6InByb2ZpbGVfcGljLnd3dy43NjIuQzMifQ%3D%3D&_nc_ohc=OsY2O_nhOhkQ7kNvwFfICts&_nc_oc=Adp2MZczuBa8QZ3mGeuQBbRIISNgJpOa8uH9Sxwqw0CB2_hOFhENYIErx3Ye_xGzy9U&_nc_zt=24&_nc_ht=scontent-sjc3-1.cdninstagram.com&_nc_ss=78a8c&oh=00_AQNNcmCWECMm3bXndqHe6EiyLZ5xmf",socialcrawl,socialcrawl
Arun Sonune,instagram,arunsonune951,https://instagram.com/arunsonune951,548,,,,,,,,,False,,,,2026-10-05T04:43:11+00:00,ok,"{'id': '72119344371', 'username': 'arunsonune951', 'display_name': 'A_r_u_n __ Sonune', 'avatar_url': 'https://scontent-lax3-2.cdninstagram.com/v/t51.75761-19/498644291_17863490874400372_8983415802013312153_n.jpg?_nc_cat=103&ccb=7-5&_nc_sid=bf7eb4&efg=eyJ2ZW5jb2RlX3RhZyI6InByb2ZpbGVfcGljLnd3dy4xMDgwLkMzIn0%3D&_nc_ohc=TGQRyLA15_IQ7kNvwE_8sko&_nc_oc=AdrPzBPoEJpzkQ9WOU9b3AxBDApBUt3y-V8yrrl1cPxIjFJB1S9UligCDwwZxq5OqFw&_nc_zt=24&_nc_ht=scontent-lax3-2.cdninstagram.com&_nc_gid=aSUbL8AhAs2hll4daIKUeQ&_",socialcrawl,socialcrawl
Kunsang Tenzing,instagram,storiesoftibetans,https://instagram.com/storiesoftibetans,12219,,,,,,,,,False,,,,2026-10-05T04:43:09+00:00,ok,"{'id': '5869858786', 'username': 'storiesoftibetans', 'display_name': 'StoriesOfTibetans', 'avatar_url': 'https://scontent-atl3-2.cdninstagram.com/v/t51.2885-19/341736637_773178167763816_941972400616552003_n.jpg?_nc_cat=111&ccb=7-5&_nc_sid=bf7eb4&efg=eyJ2ZW5jb2RlX3RhZyI6InByb2ZpbGVfcGljLnd3dy4xMDgwLkMzIn0%3D&_nc_ohc=43IWQY-JWWsQ7kNvwHThWn7&_nc_oc=Ado53N7iydtxefZQn_1EyuV_1v1DdaIP-m-r-LK1e9KxbokAg38ONYhosAwFq2qFOqA&_nc_zt=24&_nc_ht=scontent-atl3-2.cdninstagram.com&_nc_ss=78a8c&oh=00_AQNQSvzCtlivHZ",socialcrawl,socialcrawl
Tenzin Pema / Tenzin Choney,instagram,jamyang_chozang,https://instagram.com/jamyang_chozang,1687,,,,,,,,,False,,,,2026-10-05T04:43:08+00:00,ok,"{'id': '7259799731', 'username': 'jamyang_chozang', 'display_name': 'The Wheel of Dharma', 'avatar_url': 'https://scontent-iad6-1.cdninstagram.com/v/t51.82787-19/627033505_18319133188247732_1612680997141609069_n.jpg?_nc_cat=106&ccb=7-5&_nc_sid=bf7eb4&efg=eyJ2ZW5jb2RlX3RhZyI6InByb2ZpbGVfcGljLnd3dy42NTQuQzMifQ%3D%3D&_nc_ohc=UbYdo0BaCDQQ7kNvwEvvNRR&_nc_oc=Adoe4KBmynu86LBiCnl0pNDAAFBZWqmFaSSW5e2gmKRzeFLKejZUmUNzuuz00YTqW9E&_nc_zt=24&_nc_ht=scontent-iad6-1.cdninstagram.com&_nc_gid=WGhSopp1_iKioZacmy1",socialcrawl,socialcrawl
Kailash Chandra Bauddha,instagram,kailash.bauddha,https://instagram.com/kailash.bauddha,1697,,,,,,,,,False,,,,2026-10-05T04:43:09+00:00,ok,"{'id': '2026416200', 'username': 'kailash.bauddha', 'display_name': 'Kailash Bauddha', 'avatar_url': 'https://scontent-sjc3-1.cdninstagram.com/v/t51.82787-19/681270200_18549710920064201_4816470526658363555_n.jpg?_nc_cat=105&ccb=7-5&_nc_sid=bf7eb4&efg=eyJ2ZW5jb2RlX3RhZyI6InByb2ZpbGVfcGljLnd3dy4xMDgwLkMzIn0%3D&_nc_ohc=dVMNpzrw_AkQ7kNvwGJUVH0&_nc_oc=AdqlOnj-QglBhKTBvnj1IQRszZ_1HvcdYyRFAksqczJl5tNu8v7PrHktZB2cHZ_nbl4&_nc_zt=24&_nc_ht=scontent-sjc3-1.cdninstagram.com&_nc_gid=kTWptg9PPtfjgK-UuZOyJw&_n",socialcrawl,socialcrawl
Prabin Chakma,instagram,b.jiban,https://instagram.com/b.jiban,167,,,,,,,,,False,,,,2026-10-05T04:47:35+00:00,ok,"{'id': '2321304869', 'username': 'b.jiban', 'display_name': 'Prabin Chakma', 'avatar_url': 'https://scontent-lax3-1.cdninstagram.com/v/t51.2885-19/472440124_1119777336193401_7840232985057559582_n.jpg?_nc_cat=108&ccb=7-5&_nc_sid=bf7eb4&efg=eyJ2ZW5jb2RlX3RhZyI6InByb2ZpbGVfcGljLnd3dy45NTMuQzMifQ%3D%3D&_nc_ohc=96Yr6kADjOIQ7kNvwGIgn5-&_nc_oc=AdrSAxa3AsqYWI02A2W5UVRonj9LOxBPaz_B8idSYNPXcksArdkRb6AxB85Q00dMwv4&_nc_zt=24&_nc_ht=scontent-lax3-1.cdninstagram.com&_nc_ss=78a8c&oh=00_AQOBelkuwK6hLUWuF3fz0BhW",socialcrawl,socialcrawl
DEEPA THAKUR,instagram,deepaa_thakurrr,https://instagram.com/deepaa_thakurrr,691,,,,,,,,,False,,,,2026-10-05T04:43:09+00:00,ok,"{'id': '63185054516', 'username': 'deepaa_thakurrr', 'display_name': 'Deepa Thakur', 'avatar_url': 'https://scontent-ord5-1.cdninstagram.com/v/t51.82787-19/541508756_17924378220110517_7411513946126171803_n.jpg?_nc_cat=106&ccb=7-5&_nc_sid=bf7eb4&efg=eyJ2ZW5jb2RlX3RhZyI6InByb2ZpbGVfcGljLnd3dy4xMDM0LkMzIn0%3D&_nc_ohc=fseZb7D3wOMQ7kNvwEdcYDj&_nc_oc=AdrDrzp6I2VGtdPMERjAzMfp0bw6hc32-DEqUIHjsaMJvlCau-shovPvyUSCdqG80-s&_nc_zt=24&_nc_ht=scontent-ord5-1.cdninstagram.com&_nc_gid=acG78oKMGnSc3nOKnIGn4Q&_nc_",socialcrawl,socialcrawl
DEEPA THAKUR,instagram,creativityandresilience,https://instagram.com/creativityandresilience,983,,,,,,,,,False,,,,2026-10-05T04:43:10+00:00,ok,"{'id': '44609518165', 'username': 'creativityandresilience', 'display_name': 'Creative Resilience', 'avatar_url': 'https://scontent-lga3-3.cdninstagram.com/v/t51.2885-19/463725375_536182232468812_5243891055479560903_n.jpg?_nc_cat=106&ccb=7-5&_nc_sid=bf7eb4&efg=eyJ2ZW5jb2RlX3RhZyI6InByb2ZpbGVfcGljLnd3dy40MDIuQzMifQ%3D%3D&_nc_ohc=5sEo6i0hW-AQ7kNvwEWYEam&_nc_oc=AdoeKUT8bfqEWUDSZteyENrvBemtewb7qZCK0H8iA5W42SzN1a7NFaymLu-hMajz3RE&_nc_zt=24&_nc_ht=scontent-lga3-3.cdninstagram.com&_nc_ss=78a8c&oh=00_AQ",socialcrawl,socialcrawl
Gunturi Agni Mithra,instagram,_taraclub,https://instagram.com/_taraclub,570,,,,,,,,,False,,,,2026-10-05T04:43:09+00:00,ok,"{'id': '2226664472', 'username': '_taraclub', 'display_name': 'Tara Club', 'avatar_url': 'https://scontent-mia5-1.cdninstagram.com/v/t51.82787-19/610488540_18502833958072473_7881498384207004663_n.jpg?_nc_cat=104&ccb=7-5&_nc_sid=bf7eb4&efg=eyJ2ZW5jb2RlX3RhZyI6InByb2ZpbGVfcGljLnd3dy4xMDgwLkMzIn0%3D&_nc_ohc=zhskxRAr4_MQ7kNvwGH9Kgw&_nc_oc=AdrF4dZO4Bh-TNIWcIfpfB1Kze1VEJmwMvJE1khR2Cu6n2r_idZwiKOP_Sdv8M7NtXM&_nc_zt=24&_nc_ht=scontent-mia5-1.cdninstagram.com&_nc_gid=UIvgG4hl5M7TvHslBr-XGA&_nc_ss=78a8c&o",socialcrawl,socialcrawl
Gunturi Agni Mithra,instagram,khyentsefoundation,https://instagram.com/khyentsefoundation,19841,,,,,,,,,False,,,,2026-10-05T04:43:08+00:00,ok,"{'id': '3058765359', 'username': 'khyentsefoundation', 'display_name': 'Khyentse Foundation | Buddha’s Wisdom is for Everyone', 'avatar_url': 'https://scontent-hou1-1.cdninstagram.com/v/t51.2885-19/10995087_1695107994099706_2104564931_a.jpg?_nc_cat=107&ccb=7-5&_nc_sid=bf7eb4&efg=eyJ2ZW5jb2RlX3RhZyI6InByb2ZpbGVfcGljLnd3dy43NTAuQzMifQ%3D%3D&_nc_ohc=BeA2K3QkJwgQ7kNvwEKntDz&_nc_oc=AdqxuaVBhuVFnHZboDmFWU09N--8gF126GWSiqQj0TbvAtfha0orMoDY-NRyP8Nyuqw&_nc_zt=24&_nc_ht=scontent-hou1-1.cdninstagram.com&_n",socialcrawl,socialcrawl
Gunturi Agni Mithra,instagram,ft.agni_,https://instagram.com/ft.agni_,,,,,,,,,,,,,,2026-10-05T04:43:11+00:00,private,private account,,
Akshay Khobragade,instagram,weekontrip.vlogs,https://instagram.com/weekontrip.vlogs,3135,,,,,,,,,False,,,,2026-10-05T04:43:09+00:00,ok,"{'id': '1780210516', 'username': 'weekontrip.vlogs', 'display_name': 'weekontrip', 'avatar_url': 'https://scontent-ord5-2.cdninstagram.com/v/t51.75761-19/503497665_18508641778050517_7823034483199842858_n.jpg?_nc_cat=104&ccb=7-5&_nc_sid=bf7eb4&efg=eyJ2ZW5jb2RlX3RhZyI6InByb2ZpbGVfcGljLnd3dy4xMDgwLkMzIn0%3D&_nc_ohc=a4tUWfI-54QQ7kNvwHeCyDX&_nc_oc=AdreYUhzrVgWVFwNjDRien1B7a8jIVjKhG7vkrJWsEDrW08eDSbGg0odQwUzrdeZIIM&_nc_zt=24&_nc_ht=scontent-ord5-2.cdninstagram.com&_nc_gid=O7e8mHVp1K9hC055X7aFsQ&_nc_ss",socialcrawl,socialcrawl
Tashi Chosgon,instagram,undercover._.monk,https://instagram.com/undercover._.monk,3231,,,,,,,,,False,,,,2026-10-05T04:44:19+00:00,ok,"{'id': '57997768690', 'username': 'undercover._.monk', 'display_name': 'Tashee Chosgon', 'avatar_url': 'https://scontent.cdninstagram.com/v/t51.82787-19/709842307_18000367736928691_965992647790986549_n.jpg?_nc_cat=110&ccb=7-5&_nc_sid=bf7eb4&efg=eyJ2ZW5jb2RlX3RhZyI6InByb2ZpbGVfcGljLnd3dy4xMDgwLkMzIn0%3D&_nc_ohc=HL3nHo8vuSoQ7kNvwFR1JF2&_nc_oc=AdrmTzmOMn5nXO03hRpD_o_tn6LQ9YhPWK8k4mUDknAqM1lET3nTUlACYp7k9HQenSI&_nc_zt=24&_nc_ht=scontent.cdninstagram.com&_nc_gid=4M4AQpq9x_eo5Nz7LREc0w&_nc_ss=78a8c&oh",socialcrawl,socialcrawl
Bhikkhu Shripad Sthavir,instagram,bhikkhushripad,https://instagram.com/bhikkhushripad,3744,,,,,,,,,False,,,,2026-10-05T04:44:16+00:00,ok,"{'id': '72535917571', 'username': 'bhikkhushripad', 'display_name': 'Bhikkhu Shripad Sthavir', 'avatar_url': 'https://scontent-hou1-1.cdninstagram.com/v/t51.82787-19/626278638_17890225743421572_8767589178073892920_n.jpg?_nc_cat=103&ccb=7-5&_nc_sid=bf7eb4&efg=eyJ2ZW5jb2RlX3RhZyI6InByb2ZpbGVfcGljLnd3dy4xMDgwLkMzIn0%3D&_nc_ohc=JeHMoHMfzMwQ7kNvwEcjuSV&_nc_oc=Adq5d0w2rXf9j6-RQ3thLY1zECcWrEowAha8_jENyn2CxRVvgm1wSgb7x8_IvYpJJYE&_nc_zt=24&_nc_ht=scontent-hou1-1.cdninstagram.com&_nc_gid=-UjpY5WcmPN9RNM8U",socialcrawl,socialcrawl
Tanmay Tayade,instagram,theashokabuddhistfoundation,https://instagram.com/theashokabuddhistfoundation,2656,,,,,,,,,False,,,,2026-10-05T04:44:16+00:00,ok,"{'id': '54811143515', 'username': 'theashokabuddhistfoundation', 'display_name': 'The Ashoka Buddhist Foundation', 'avatar_url': 'https://scontent-ord5-2.cdninstagram.com/v/t51.2885-19/316747415_3197703880542477_7928838521322504131_n.jpg?_nc_cat=102&ccb=7-5&_nc_sid=bf7eb4&efg=eyJ2ZW5jb2RlX3RhZyI6InByb2ZpbGVfcGljLnd3dy43OTAuQzMifQ%3D%3D&_nc_ohc=O3o_tGJcDy8Q7kNvwHQF9Un&_nc_oc=AdoXF1NMlNPqTXItaJh_2xd6_p44GUciVAB4Sb-XeTEV3SvAk9Uz3Zk1UQqOv2Nsb7Y&_nc_zt=24&_nc_ht=scontent-ord5-2.cdninstagram.com&_nc_s",socialcrawl,socialcrawl
Basant Khatri,instagram,bhutanmindfulness,https://instagram.com/bhutanmindfulness,17967,,,,,,,,,False,,,,2026-10-05T04:44:16+00:00,ok,"{'id': '67261119457', 'username': 'bhutanmindfulness', 'display_name': 'Bhutan Mindfulness', 'avatar_url': 'https://scontent-dfw6-1.cdninstagram.com/v/t51.2885-19/461178231_1580864009498764_2071545990099801060_n.jpg?_nc_cat=103&ccb=7-5&_nc_sid=bf7eb4&efg=eyJ2ZW5jb2RlX3RhZyI6InByb2ZpbGVfcGljLnd3dy40ODQuQzMifQ%3D%3D&_nc_ohc=9Nbcdhm_PV4Q7kNvwGsJjqs&_nc_oc=AdrZeyzN31kczip5IuJYW-7OLY8HyDlv5e4JgdfGB2ttRP0JpepUMdDTzWkeRdEt_q0&_nc_zt=24&_nc_ht=scontent-dfw6-1.cdninstagram.com&_nc_ss=78a8c&oh=00_AQOwbR0e",socialcrawl,socialcrawl
Laxmikanta Sunil Mane,instagram,underthebodhitreepodcast25,https://instagram.com/underthebodhitreepodcast25,18,,,,,,,,,False,,,,2026-10-05T04:44:19+00:00,ok,"{'id': '76741433016', 'username': 'underthebodhitreepodcast25', 'display_name': 'Underthebodhitree', 'avatar_url': 'https://scontent-atl3-1.cdninstagram.com/v/t51.82787-19/540346501_17847842175553017_8789161679770048258_n.jpg?_nc_cat=106&ccb=7-5&_nc_sid=bf7eb4&efg=eyJ2ZW5jb2RlX3RhZyI6InByb2ZpbGVfcGljLnd3dy42NDAuQzMifQ%3D%3D&_nc_ohc=lwsjsaNdxdIQ7kNvwE6E-VL&_nc_oc=AdoutFv4Yp8kwo6HsUJQYPDBQSJWWP_tnTTnZji26LTAj2lvhxng-XNEthB3iKhx_rA&_nc_zt=24&_nc_ht=scontent-atl3-1.cdninstagram.com&_nc_gid=_ReIJNe9P",socialcrawl,socialcrawl
Tshering Penjor,instagram,Penjorla3230,https://instagram.com/penjorla3230,438,,,,,,,,,False,,,,2026-10-05T04:44:17+00:00,ok,"{'id': '4853559112', 'username': 'penjorla3230', 'display_name': 'Tshering Penjor', 'avatar_url': 'https://scontent-iad6-1.cdninstagram.com/v/t51.82787-19/720776336_18378183502167113_2332172249324342202_n.jpg?_nc_cat=106&ccb=7-5&_nc_sid=bf7eb4&efg=eyJ2ZW5jb2RlX3RhZyI6InByb2ZpbGVfcGljLnd3dy44NTYuQzMifQ%3D%3D&_nc_ohc=CXOtwerqJnEQ7kNvwEDmlkA&_nc_oc=Adqzh82TVlaRBL3Qwgk5yfnUukfg3GxWhwLOH4qiU4DRMMVYd-lGs5c6CYdE6Ayaxss&_nc_zt=24&_nc_ht=scontent-iad6-1.cdninstagram.com&_nc_gid=dsWotXrR76rrHU4-9fmGBw&_nc",socialcrawl,socialcrawl
Karma Yonten,instagram,maroon_potato,https://instagram.com/maroon_potato,951,,,,,,,,,False,,,,2026-10-05T04:44:15+00:00,ok,"{'id': '26310776453', 'username': 'maroon_potato', 'display_name': 'ZORO', 'avatar_url': 'https://scontent-lax7-1.cdninstagram.com/v/t51.82787-19/810449327_18125026894872454_5068584121047610084_n.jpg?_nc_cat=101&ccb=7-5&_nc_sid=bf7eb4&efg=eyJ2ZW5jb2RlX3RhZyI6InByb2ZpbGVfcGljLnd3dy4xMDgwLkMzIn0%3D&_nc_ohc=F5_XJTvgvawQ7kNvwHeYk-y&_nc_oc=AdpUuk97plD3f5DCIeLdHfj0Mb1T-Nce2lLq2g3tMl_YTZugwIVzpPXxhP6EF33ffGU&_nc_zt=24&_nc_ht=scontent-lax7-1.cdninstagram.com&_nc_gid=PsgRM6NRzCaXazwQ2kojWw&_nc_ss=78a8c&o",socialcrawl,socialcrawl
Tenzin Chemi,instagram,tenzinc_vlog,https://instagram.com/tenzinc_vlog,139356,,,,,,,,,False,,,,2026-10-05T04:44:17+00:00,ok,"{'id': '8178536210', 'username': 'tenzinc_vlog', 'display_name': 'བསྟན༌འཆི་མེད།', 'avatar_url': 'https://scontent-ord5-1.cdninstagram.com/v/t51.82787-19/683612814_18311878684272211_7453776095528086548_n.jpg?_nc_cat=108&ccb=7-5&_nc_sid=bf7eb4&efg=eyJ2ZW5jb2RlX3RhZyI6InByb2ZpbGVfcGljLnd3dy4xMDgwLkMzIn0%3D&_nc_ohc=NnTU-ewM4EMQ7kNvwFMna86&_nc_oc=Adr-E51mnJkSgy1Da3ZtoenHVAGbcpEfnMa0nO_wz1ErYuuY2W6IbDEdC9qiXIxN9Cw&_nc_zt=24&_nc_ht=scontent-ord5-1.cdninstagram.com&_nc_gid=Osr_y8OoGUVgAjxgh33wug&_nc_ss=",socialcrawl,socialcrawl
Gangkar Metok,instagram,metok_22_,https://instagram.com/metok_22_,4264,,,,,,,,,False,,,,2026-10-05T04:44:15+00:00,ok,"{'id': '4626322623', 'username': 'metok_22_', 'display_name': 'Gangkar Metok Tso', 'avatar_url': 'https://scontent-atl3-1.cdninstagram.com/v/t51.82787-19/625707931_18380796538154624_4102938694560085068_n.jpg?_nc_cat=100&ccb=7-5&_nc_sid=bf7eb4&efg=eyJ2ZW5jb2RlX3RhZyI6InByb2ZpbGVfcGljLnd3dy4xMDgwLkMzIn0%3D&_nc_ohc=9zLKqM0DYBUQ7kNvwG320wo&_nc_oc=Adp61_ErnMw7qlzMiS8mxLwmLwTmupIJAzspzum9e2BnxbG88EhLHwKcxE_UcKpx0r0&_nc_zt=24&_nc_ht=scontent-atl3-1.cdninstagram.com&_nc_gid=gG6m7x8Ftzsd2gO3FKf1mQ&_nc_ss",socialcrawl,socialcrawl
DIKI LHAMU SHERPA,instagram,sherpa__dikila,https://instagram.com/sherpa__dikila,6927,,,,,,,,,False,,,,2026-10-05T04:44:17+00:00,ok,"{'id': '5668202715', 'username': 'sherpa__dikila', 'display_name': 'བདེ་སྐྱིད་།♡', 'avatar_url': 'https://scontent-dfw6-1.cdninstagram.com/v/t51.82787-19/591173614_18408294634186716_1236379209433275489_n.jpg?_nc_cat=103&ccb=7-5&_nc_sid=bf7eb4&efg=eyJ2ZW5jb2RlX3RhZyI6InByb2ZpbGVfcGljLnd3dy45NjMuQzMifQ%3D%3D&_nc_ohc=IwxRy_a8yWoQ7kNvwFU1U2L&_nc_oc=AdrJARHK13xyLO2yDDHqI6rtZHlFYUsCYnpEnsFcF407K3qLp4e03ENM0TLPCxIBlb0&_nc_zt=24&_nc_ht=scontent-dfw6-1.cdninstagram.com&_nc_gid=0x7807Sc5MVmeqY7c8E3rw&_nc_",socialcrawl,socialcrawl
Tenzin Rabga,instagram,rabga878,https://instagram.com/rabga878,507,,,,,,,,,False,,,,2026-10-05T04:44:16+00:00,ok,"{'id': '4835530689', 'username': 'rabga878', 'display_name': 'Tenzin Rabga', 'avatar_url': 'https://scontent-sea5-1.cdninstagram.com/v/t51.82787-19/708891329_18378252418162690_3354588294788394221_n.jpg?_nc_cat=102&ccb=7-5&_nc_sid=bf7eb4&efg=eyJ2ZW5jb2RlX3RhZyI6InByb2ZpbGVfcGljLnd3dy4xMDgwLkMzIn0%3D&_nc_ohc=5r3sXJKyyLcQ7kNvwEe8dLy&_nc_oc=Adq-N5vLSgZnR0p_ZlP2jtwGacT8VznvfJXR2FLTEdwmlrfDopfGDOxiJClXWPPhfeE&_nc_zt=24&_nc_ht=scontent-sea5-1.cdninstagram.com&_nc_gid=HRc2-Ihr-IfQiLWXpOHmgA&_nc_ss=78a8c",socialcrawl,socialcrawl
Kelzang Wangdi,instagram,Kelsangwangs,https://instagram.com/kelsangwangs,,,,,,,,,,,,,,2026-10-05T04:44:17+00:00,not-found,404 Client Error: Not Found for url: https://www.socialcrawl.dev/v1/instagram/profile?handle=Kelsangwangs,,
Lopon Choying Tenpa,instagram,bokarchoying,https://instagram.com/bokarchoying,144,,,,,,,,,False,,,,2026-10-05T04:44:18+00:00,ok,"{'id': '4204181486', 'username': 'bokarchoying', 'display_name': 'Choying Tenpa', 'avatar_url': 'https://scontent-lga3-1.cdninstagram.com/v/t51.2885-19/356968779_276364188381280_4620144592307945563_n.jpg?_nc_cat=110&ccb=7-5&_nc_sid=bf7eb4&efg=eyJ2ZW5jb2RlX3RhZyI6InByb2ZpbGVfcGljLnd3dy45NTYuQzIifQ%3D%3D&_nc_ohc=Bpb-Fz4eCN8Q7kNvwHzkPRE&_nc_oc=AdrSzhuhnfqHp6_5rRifIzkT8SennL-jFx62wQbsQw0nlJt_3SvbgDSFdStR6MZj2XE&_nc_zt=24&_nc_ht=scontent-lga3-1.cdninstagram.com&_nc_ss=78a8c&oh=00_AQOQrkI0bpAICppxEVOE",socialcrawl,socialcrawl
Achal wasnik,instagram,wasnik_achal,https://instagram.com/wasnik_achal,204,,,,,,,,,False,,,,2026-10-05T04:44:19+00:00,ok,"{'id': '31316431193', 'username': 'wasnik_achal', 'display_name': 'wasnik_achal', 'avatar_url': 'https://scontent-dfw5-2.cdninstagram.com/v/t51.82787-19/655154003_18097827899047194_7227099331073252517_n.jpg?_nc_cat=100&ccb=7-5&_nc_sid=bf7eb4&efg=eyJ2ZW5jb2RlX3RhZyI6InByb2ZpbGVfcGljLnd3dy4xMDgwLkMzIn0%3D&_nc_ohc=ujzvMJLYt_AQ7kNvwHyMXuC&_nc_oc=Ado0KC68tAiV-rmT_PSAZISP5UYWgUOst__1ky2jtsJMXtnd1oQT6rw0MEO39x3k3ew&_nc_zt=24&_nc_ht=scontent-dfw5-2.cdninstagram.com&_nc_gid=n2f8ncJdY-IlFk1HPVaoDQ&_nc_ss=",socialcrawl,socialcrawl
Karmavajra Dhammachari,instagram,triratna_india,https://instagram.com/triratna_india,88,,,,,,,,,False,,,,2026-10-05T04:44:16+00:00,ok,"{'id': '79771391906', 'username': 'triratna_india', 'display_name': 'Triratna India', 'avatar_url': 'https://scontent-lga3-3.cdninstagram.com/v/t51.82787-19/606165740_17845371219663907_2432460489895082606_n.jpg?_nc_cat=104&ccb=7-5&_nc_sid=bf7eb4&efg=eyJ2ZW5jb2RlX3RhZyI6InByb2ZpbGVfcGljLnd3dy45NjAuQzMifQ%3D%3D&_nc_ohc=qUJ4tOoCcv0Q7kNvwFfdWyI&_nc_oc=Adrd2qPpxWD8Ddsm6zRz3WKtnu07Epq_3m0AJJPlut2zEQtkG5V1SEqBFdoWfJY6Ep8&_nc_zt=24&_nc_ht=scontent-lga3-3.cdninstagram.com&_nc_gid=05X3uBJU3eBXRGrdU0Z4fQ&_",socialcrawl,socialcrawl
Sonam Choden,instagram,sonam_128282,https://instagram.com/sonam_128282,,,,,,,,,,,,,,2026-10-05T04:44:17+00:00,private,private account,,
Pathum Ranasinghe Arachchilage,instagram,pathum_ranasinghe,https://instagram.com/pathum_ranasinghe,1741,,,,,,,,,False,,,,2026-10-05T04:44:16+00:00,ok,"{'id': '1991056039', 'username': 'pathum_ranasinghe', 'display_name': 'Pathum Ranasinghe', 'avatar_url': 'https://scontent-iad6-1.cdninstagram.com/v/t51.2885-19/401916050_2005128869868943_1837696457974086555_n.jpg?_nc_cat=106&ccb=7-5&_nc_sid=bf7eb4&efg=eyJ2ZW5jb2RlX3RhZyI6InByb2ZpbGVfcGljLnd3dy42MTIuQzMifQ%3D%3D&_nc_ohc=ioS2a0_8Lm0Q7kNvwEd8edQ&_nc_oc=AdoSN-Unxo4yKMawaucoKxtW9IC_W3yoKRCa3nc29ehbmuzonww90SB9pJLUDJLEcSg&_nc_zt=24&_nc_ht=scontent-iad6-1.cdninstagram.com&_nc_ss=78a8c&oh=00_AQO0UmqFih",socialcrawl,socialcrawl
Kunzes Dolma,instagram,buddhist_girl_from_paddar,https://instagram.com/buddhist_girl_from_paddar,,,,,,,,,,,,,,2026-10-05T04:44:17+00:00,not-found,404 Client Error: Not Found for url: https://www.socialcrawl.dev/v1/instagram/profile?handle=buddhist_girl_from_paddar,,
Pema Wangyel,instagram,pegyel777,https://instagram.com/pegyel777,104,,,,,,,,,False,,,,2026-10-05T04:44:17+00:00,ok,"{'id': '46179777443', 'username': 'pegyel777', 'display_name': 'Pema Wangyel', 'avatar_url': 'https://scontent-lax3-1.cdninstagram.com/v/t51.2885-19/354594656_289568800173951_646327656859991532_n.jpg?_nc_cat=104&ccb=7-5&_nc_sid=bf7eb4&efg=eyJ2ZW5jb2RlX3RhZyI6InByb2ZpbGVfcGljLnd3dy43MDAuQzMifQ%3D%3D&_nc_ohc=Fu6oUb531HUQ7kNvwGPviJ0&_nc_oc=AdqC876-dxVmAe7bF60pZzF_TvqnKj9WaJqTj7ZwH9Jy3O2OQ6ZKUZsZ2WJYAiGLAs8&_nc_zt=24&_nc_ht=scontent-lax3-1.cdninstagram.com&_nc_ss=78a8c&oh=00_AQPeGaExRu11MfAzAezvUGCi",socialcrawl,socialcrawl
Achesh Kamble,instagram,achesh_kamble,https://instagram.com/achesh_kamble,275,,,,,,,,,False,,,,2026-10-05T04:44:15+00:00,ok,"{'id': '44565596114', 'username': 'achesh_kamble', 'display_name': '𝐀𝐜𝐡𝐞𝐬𝐡 𝐊𝐚𝐦𝐛𝐥𝐞', 'avatar_url': 'https://scontent-lax3-2.cdninstagram.com/v/t51.2885-19/176356575_278197130682897_2099813839915932392_n.jpg?_nc_cat=103&ccb=7-5&_nc_sid=bf7eb4&efg=eyJ2ZW5jb2RlX3RhZyI6InByb2ZpbGVfcGljLnd3dy41NTkuQzMifQ%3D%3D&_nc_ohc=NxE5VaY6heIQ7kNvwEBQVZl&_nc_oc=AdrsmNDhPaz6OGiXMBltauyL3qbc_7Q-w3zGSG--uZUgnSR9sV5qq2UqzcHkd2ZP5xE&_nc_zt=24&_nc_ht=scontent-lax3-2.cdninstagram.com&_nc_ss=78a8c&oh=00_AQP8DQqlWfXGKvlATw",socialcrawl,socialcrawl
Ogyen Tenzin,instagram,ogyentenzin,https://instagram.com/ogyentenzin,310,,,,,,,,,False,,,,2026-10-05T04:44:15+00:00,ok,"{'id': '1368973537', 'username': 'ogyentenzin', 'display_name': 'Ogyen Tenzin', 'avatar_url': 'https://scontent-ord5-2.cdninstagram.com/v/t51.82787-19/625110745_18554826832013538_6539541474712711997_n.jpg?_nc_cat=103&ccb=7-5&_nc_sid=bf7eb4&efg=eyJ2ZW5jb2RlX3RhZyI6InByb2ZpbGVfcGljLnd3dy4xMDgwLkMzIn0%3D&_nc_ohc=Tlyk1ZASaKYQ7kNvwGkrcNU&_nc_oc=AdrylkKepCWqOv7q_9Yb0gw7eRCB7-Eld3vzNIQZ_yODVEMQUh1VzRtmaruZZ7kJhuY&_nc_zt=24&_nc_ht=scontent-ord5-2.cdninstagram.com&_nc_gid=8K4NtH2zATQsWJWr2N0lHg&_nc_ss=78",socialcrawl,socialcrawl
Tenzin Gejed,instagram,singtolamusic,https://instagram.com/singtolamusic,1442,,,,,,,,,False,,,,2026-10-05T04:44:18+00:00,ok,"{'id': '7093647238', 'username': 'singtolamusic', 'display_name': 'SINGTOLA 🌴', 'avatar_url': 'https://scontent-lga3-1.cdninstagram.com/v/t51.82787-19/540756437_18330209434239239_392066222484549032_n.jpg?_nc_cat=109&ccb=7-5&_nc_sid=bf7eb4&efg=eyJ2ZW5jb2RlX3RhZyI6InByb2ZpbGVfcGljLnd3dy4xMDgwLkMzIn0%3D&_nc_ohc=P_vK9gNvPrYQ7kNvwGgTCNs&_nc_oc=Adr00GlCy16jPrC6KfxwcGvZrJ7G6lCoSLArz3pSrj40I3b9h3oqU3BWkJag6h-oBYQ&_nc_zt=24&_nc_ht=scontent-lga3-1.cdninstagram.com&_nc_gid=fkZugQl58qoc-NokVQIQ_w&_nc_ss=78a",socialcrawl,socialcrawl
Penpa Tsering,instagram,idieformynation,https://instagram.com/idieformynation,,,,,,,,,,,,,,2026-10-05T04:44:18+00:00,private,private account,,
Sonam Dolma,instagram,_sonam.dolma_,https://instagram.com/_sonam.dolma_,3155,,,,,,,,,False,,,,2026-10-05T04:44:16+00:00,ok,"{'id': '5320075425', 'username': '_sonam.dolma_', 'display_name': 'Freedom', 'avatar_url': 'https://scontent-ord5-2.cdninstagram.com/v/t51.82787-19/735625217_18420075550179426_1213031937014120115_n.jpg?_nc_cat=107&ccb=7-5&_nc_sid=bf7eb4&efg=eyJ2ZW5jb2RlX3RhZyI6InByb2ZpbGVfcGljLnd3dy4xMDgwLkMzIn0%3D&_nc_ohc=7KSWo7Z68tcQ7kNvwEk4ler&_nc_oc=AdoiXlxK-ry4p-EzNcwH902pMJSqXUPsFLY61WxDsznWwSAKhRoC3XJXDPmBuJEthr8&_nc_zt=24&_nc_ht=scontent-ord5-2.cdninstagram.com&_nc_gid=8zEg0L27yHcDiR5kv5Zibw&_nc_ss=78a8c",socialcrawl,socialcrawl
Sonam Chhomo,instagram,sonam_____tsomo,https://instagram.com/sonam_____tsomo,1792,,,,,,,,,False,,,,2026-10-05T04:44:15+00:00,ok,"{'id': '4101997344', 'username': 'sonam_____tsomo', 'display_name': 'བསོད་ནམས་མཚོ་མོ།', 'avatar_url': 'https://scontent-mia3-3.cdninstagram.com/v/t51.82787-19/626278579_18422430541141345_6120868508729282943_n.jpg?_nc_cat=107&ccb=7-5&_nc_sid=bf7eb4&efg=eyJ2ZW5jb2RlX3RhZyI6InByb2ZpbGVfcGljLnd3dy4xMDgwLkMzIn0%3D&_nc_ohc=iLcMKynQe0UQ7kNvwEB61rs&_nc_oc=AdpKVdpOChatke4jVT0ovL7XCuKJZiQPyMWPbE_jUyI2iV6I5b8b0E-gkapG7uwcuos&_nc_zt=24&_nc_ht=scontent-mia3-3.cdninstagram.com&_nc_gid=Xj1bf1kGTG5dnzdXWQ32Yg&_",socialcrawl,socialcrawl
Aman Kumar Verma,instagram,Gaya.Beats,https://instagram.com/gaya.beats,105234,,,,,,,,,True,,,,2026-10-05T04:44:16+00:00,ok,"{'id': '49461816026', 'username': 'gaya.beats', 'display_name': 'GAYA.BEATS | AMAN VERMA', 'avatar_url': 'https://scontent-ord5-1.cdninstagram.com/v/t51.82787-19/767388248_18084963056648027_6652744625662922745_n.jpg?_nc_cat=110&ccb=7-5&_nc_sid=bf7eb4&efg=eyJ2ZW5jb2RlX3RhZyI6InByb2ZpbGVfcGljLnd3dy4xMDgwLkMzIn0%3D&_nc_ohc=liIUjtg3gGUQ7kNvwGL6Zao&_nc_oc=AdrC0sidJQRhjhYi8-TtwMxBqf-GSj98PtiDNxk7H25qZk8BMjTHCwjMV50oaOd6Dlk&_nc_zt=24&_nc_ht=scontent-ord5-1.cdninstagram.com&_nc_gid=FE2nwpvlNM2gI0WACez2u",socialcrawl,socialcrawl
Gyalpo Tashi,instagram,gyalphur_tashi,https://instagram.com/gyalphur_tashi,,,,,,,,,,,,,,2026-10-05T04:44:19+00:00,private,private account,,
Sagar Gautam,instagram,sagar_bhuian787,https://instagram.com/sagar_bhuian787,,,,,,,,,,,,,,2026-10-05T04:44:18+00:00,not-found,404 Client Error: Not Found for url: https://www.socialcrawl.dev/v1/instagram/profile?handle=sagar_bhuian787,,
Tenzin Lekmay,instagram,tenmoen,https://instagram.com/tenmoen,,,,,,,,,,,,,,2026-10-05T04:44:17+00:00,not-found,404 Client Error: Not Found for url: https://www.socialcrawl.dev/v1/instagram/profile?handle=tenmoen,,
Tenzin Lekmay,instagram,moenmediahouse,https://instagram.com/moenmediahouse,,,,,,,,,,,,,,2026-10-05T04:44:15+00:00,not-found,404 Client Error: Not Found for url: https://www.socialcrawl.dev/v1/instagram/profile?handle=moenmediahouse,,
