creator_name,platform,handle,profile_url,status,source_url,reason,platform_id,confirmation,slug,merged_into,language,avatar_url,email,whatsapp
Lopon Jurmay Karma,youtube,@jurmay_karma,https://youtube.com/@jurmay_karma,resolved,https://youtube.com/@jurmay_karma?si=6RNQFupyyDLXh3HF,,UCPuN7cQRsksOysmtyrxYMIA,Confirmed,lopon-jurmay-karma,,en,https://ugc.production.linktr.ee/70e9c7ca-a53b-4103-a32c-add1a47c434f_DSC-0950.jpeg,jurmaykarma25@gmail.com,+975 77878080
Lopon Jurmay Karma,instagram,jurmay_karma,https://instagram.com/jurmay_karma,resolved,https://www.instagram.com/jurmay_karma/?utm_source=qr,,,Confirmed,lopon-jurmay-karma,,en,https://ugc.production.linktr.ee/70e9c7ca-a53b-4103-a32c-add1a47c434f_DSC-0950.jpeg,jurmaykarma25@gmail.com,+975 77878080
Dorjeepa,instagram,dorjeepa_official,https://instagram.com/dorjeepa_official,resolved,https://www.instagram.com/dorjeepa_official,,,Confirmed,dorjeepa,,en,https://ugc.production.linktr.ee/65ff91d1-cf91-4b2a-ac8a-01fddc7c2345_IMG-2497.jpeg,karmazangpobhutia12@gmail.com,7679879437
Chhewang Dorjee,instagram,m.g.m_tsewang,https://instagram.com/m.g.m_tsewang,resolved,https://www.instagram.com/m.g.m_tsewang,,,Confirmed,chhewang-dorjee,,en,,sangaytashi563@gmail.com,+ 91 6294412456
Chhewang Dorjee,youtube,@MGM tsewang dorjee,https://youtube.com/@mgm tsewang dorjee,resolved,https://www.youtube.com/@MGM tsewang dorjee,,,Confirmed,chhewang-dorjee,,en,,sangaytashi563@gmail.com,+ 91 6294412456
Chhewang Dorjee,threads,m.g.m_tsewang,https://threads.net/@m.g.m_tsewang,resolved,https://www.threads.com/@m.g.m_tsewang,,,Confirmed,chhewang-dorjee,,en,,sangaytashi563@gmail.com,+ 91 6294412456
Chhewang Dorjee,youtube,@mgmtsewangdorjee,https://youtube.com/@mgmtsewangdorjee,resolved,https://www.youtube.com/@mgmtsewangdorjee,,UCI8VuKJFg6HusGWnnFg_Yvw,Confirmed,chhewang-dorjee,,en,,sangaytashi563@gmail.com,+ 91 6294412456
Chhewang Dorjee,youtube,@MGM,https://youtube.com/@mgm,resolved,https://www.youtube.com/@MGM,,,Confirmed,chhewang-dorjee,,en,,sangaytashi563@gmail.com,+ 91 6294412456
Chhewang Dorjee,facebook,Tsewang,https://facebook.com/tsewang,resolved,https://www.facebook.com/Tsewang,,,Confirmed,chhewang-dorjee,,en,,sangaytashi563@gmail.com,+ 91 6294412456
Tashi Takpa,instagram,spitimonktashi,https://instagram.com/spitimonktashi,resolved,https://www.instagram.com/spitimonktashi?igsh=cWlicnoyOGQxODlh&utm_source=qr,,,Confirmed,tashi-takpa,,en,https://ugc.production.linktr.ee/168e2db5-2527-40d4-b1f0-222510ef9fcc_Instagram-Post-circular.png,jamyangdakpa144@gmail.com,8278876390
Tashi Takpa,youtube,@Spitimonktashi,https://youtube.com/@spitimonktashi,resolved,https://www.youtube.com/@Spitimonktashi,,UCY6MomGkvbN68MKMZTluOdA,Confirmed,tashi-takpa,,en,https://ugc.production.linktr.ee/168e2db5-2527-40d4-b1f0-222510ef9fcc_Instagram-Post-circular.png,jamyangdakpa144@gmail.com,8278876390
Bhuchung Kata (Kalsang Tashi),instagram,bhuchungkata,https://instagram.com/bhuchungkata,resolved,https://www.instagram.com/bhuchungkata,,,Confirmed,bhuchung-kata-kalsang-tashi,,en,https://ugc.production.linktr.ee/afd763be-7450-400a-9fb9-16c47a7f05e6_acrCgf7EDeJC0kzzqHzBEfvqY1nEdI-H7PAPKji9LLP3qyvPp2Balnj-ki7AZ-R9gxVsPssrsQ-s800-c-k-c0x00ffffff-no-r.jpeg,kata.sontsa@gmail.com,+14164711980
Bhuchung Kata (Kalsang Tashi),youtube,@bhuchungkata,https://youtube.com/@bhuchungkata,resolved,https://www.youtube.com/@bhuchungkata,,UCxkBfsN4jEzPLqgJbUhjfew,Confirmed,bhuchung-kata-kalsang-tashi,,en,https://ugc.production.linktr.ee/afd763be-7450-400a-9fb9-16c47a7f05e6_acrCgf7EDeJC0kzzqHzBEfvqY1nEdI-H7PAPKji9LLP3qyvPp2Balnj-ki7AZ-R9gxVsPssrsQ-s800-c-k-c0x00ffffff-no-r.jpeg,kata.sontsa@gmail.com,+14164711980
Bhuchung Kata (Kalsang Tashi),facebook,bhuchungkata,https://facebook.com/bhuchungkata,resolved,https://www.facebook.com/bhuchungkata,,,Confirmed,bhuchung-kata-kalsang-tashi,,en,https://ugc.production.linktr.ee/afd763be-7450-400a-9fb9-16c47a7f05e6_acrCgf7EDeJC0kzzqHzBEfvqY1nEdI-H7PAPKji9LLP3qyvPp2Balnj-ki7AZ-R9gxVsPssrsQ-s800-c-k-c0x00ffffff-no-r.jpeg,kata.sontsa@gmail.com,+14164711980
Bhuchung Kata (Kalsang Tashi),linkedin,in/bhuchung-kata-b83977164,https://linkedin.com/in/bhuchung-kata-b83977164,resolved,https://www.linkedin.com/in/bhuchung-kata-b83977164/,,,Confirmed,bhuchung-kata-kalsang-tashi,,en,https://ugc.production.linktr.ee/afd763be-7450-400a-9fb9-16c47a7f05e6_acrCgf7EDeJC0kzzqHzBEfvqY1nEdI-H7PAPKji9LLP3qyvPp2Balnj-ki7AZ-R9gxVsPssrsQ-s800-c-k-c0x00ffffff-no-r.jpeg,kata.sontsa@gmail.com,+14164711980
Nishchal Pakhrin (Ani yangchen Drolma),tiktok,aniyangchendolma,https://tiktok.com/@aniyangchendolma,resolved,https://tiktok.com/@aniyangchendolma,,,Confirmed,nishchal-pakhrin-ani-yangchen-drolma,,en,https://ugc.production.linktr.ee/a03df66f-c271-4ce1-8aa0-994455b9828c_IMG-0943.jpeg,tdevi8542@gmail.com,9779845184476
Nishchal Pakhrin (Ani yangchen Drolma),youtube,@aniyangchendrolmaofficial,https://youtube.com/@aniyangchendrolmaofficial,resolved,https://youtube.com/@aniyangchendrolmaofficial?si=ATGcNucNnXQMPY1Y,,UCT-sCyf5nSziTTAHaaVDKLQ,Confirmed,nishchal-pakhrin-ani-yangchen-drolma,,en,https://ugc.production.linktr.ee/a03df66f-c271-4ce1-8aa0-994455b9828c_IMG-0943.jpeg,tdevi8542@gmail.com,9779845184476
Tashi Lhamo A,instagram,Tashilamo,https://instagram.com/tashilamo,resolved,https://instagram.com/Tashilamo,,,Confirmed,tashi-lhamo-a,,en,,munparabsel@gmail.com,8091706077
Tashi Lhamo A,instagram,Tashi,https://instagram.com/tashi,resolved,https://www.instagram.com/Tashi,,,Confirmed,tashi-lhamo-a,,en,,munparabsel@gmail.com,8091706077
Tanzin Dekit,instagram,munpa.rabsel,https://instagram.com/munpa.rabsel,resolved,https://www.instagram.com/munpa.rabsel,,,Confirmed,tanzin-dekit,,en,https://ugc.production.linktr.ee/7233689a-4557-4053-9a27-9bb380507903_1000035496.jpeg,munparabsel@gmail.com,9882179180
Chhering Angmo,instagram,munpa.rabsel,https://instagram.com/munpa.rabsel,resolved,https://www.instagram.com/munpa.rabsel,,,Confirmed,chhering-angmo,,en,https://ugc.production.linktr.ee/8dda8cee-e75b-41c6-89d2-7d42b2e71540_1000052833.jpeg,munparabsel@gmail.com,9882179180
Rigzin Angmo,instagram,mundane.rabsel,https://instagram.com/mundane.rabsel,resolved,https://www.instagram.com/mundane.rabsel,,,Confirmed,rigzin-angmo,,en,,munparabsel@gmail.com,9882179180
Tashi Lamo,youtube,@MunpaRabsel,https://youtube.com/@munparabsel,resolved,https://www.youtube.com/@MunpaRabsel,,UCcwfBk8e7CAOtwexgrW4y3w,Confirmed,tashi-lamo,,en,https://ugc.production.linktr.ee/331e9320-9e96-4cc1-9914-f1585db2deb5_1000038055.jpeg,munparabsel@gmail.com,9317469595
Tashi Lamo,instagram,munpa.rabsel,https://instagram.com/munpa.rabsel,resolved,https://www.instagram.com/munpa.rabsel,,,Confirmed,tashi-lamo,,en,https://ugc.production.linktr.ee/331e9320-9e96-4cc1-9914-f1585db2deb5_1000038055.jpeg,munparabsel@gmail.com,9317469595
Chow Tze Jen,facebook,TaklungKagyuTashiPal,https://facebook.com/taklungkagyutashipal,resolved,https://www.facebook.com/TaklungKagyuTashiPal/,,,Confirmed,chow-tze-jen,,en,https://ugc.production.linktr.ee/5ed35e25-5bfc-451d-a08f-9506f74ea105_GDPE6773.jpeg,tzejenchow@gmail.com,+60122023153
Tenzin Phuljung,instagram,phuljung_,https://instagram.com/phuljung_,resolved,https://www.instagram.com/phuljung_,,,Confirmed,tenzin-phuljung,,en,https://ugc.production.linktr.ee/f32b4d3e-5e7d-4b30-97f1-1fab4b34aa2b_5eeba9ea-2b14-41f0-acdc-744e8871b10e.jpeg,tenzin@tenzinphuljung.com,91 9882327724
Pranav Subhash Dandge,youtube,@buddhabhumi314,https://youtube.com/@buddhabhumi314,resolved,https://www.youtube.com/@buddhabhumi314,,UCrrgBmt55DPNlxIpbTPDczw,Waiting for scholarship,pranav-subhash-dandge,,en,https://ugc.production.linktr.ee/28476211-3768-42ea-958a-f3bdbf531d90_31d1342a-525b-4e54-bb0a-933187c20ddf.jpeg,buddhabhmi314@gmail.com,9028929488
Pranav Subhash Dandge,instagram,_buddhabhumi_,https://instagram.com/_buddhabhumi_,resolved,https://www.instagram.com/_buddhabhumi_,,,Waiting for scholarship,pranav-subhash-dandge,,en,https://ugc.production.linktr.ee/28476211-3768-42ea-958a-f3bdbf531d90_31d1342a-525b-4e54-bb0a-933187c20ddf.jpeg,buddhabhmi314@gmail.com,9028929488
Pranav Subhash Dandge,threads,_buddhabhumi_,https://threads.net/@_buddhabhumi_,resolved,https://www.threads.com/@_buddhabhumi_,,,Waiting for scholarship,pranav-subhash-dandge,,en,https://ugc.production.linktr.ee/28476211-3768-42ea-958a-f3bdbf531d90_31d1342a-525b-4e54-bb0a-933187c20ddf.jpeg,buddhabhmi314@gmail.com,9028929488
Pranav Subhash Dandge,instagram,_monks_place_,https://instagram.com/_monks_place_,resolved,https://instagram.com/_monks_place_,,,Waiting for scholarship,pranav-subhash-dandge,,en,https://ugc.production.linktr.ee/28476211-3768-42ea-958a-f3bdbf531d90_31d1342a-525b-4e54-bb0a-933187c20ddf.jpeg,buddhabhmi314@gmail.com,9028929488
Yash Dixit,instagram,bhagwanji_,https://instagram.com/bhagwanji_,resolved,https://www.instagram.com/bhagwanji_,,,Confirmed,yash-dixit,,en,https://ugc.production.linktr.ee/74411e9e-0da7-4b20-9702-e65859955f10_dd540532-bcac-4f18-aa1e-28d56d5eb072.jpeg,yashdiixit@gmail.com,(+91) 9171397216
Yash Dixit,youtube,@bhagwaaanjiii,https://youtube.com/@bhagwaaanjiii,resolved,https://youtube.com/@bhagwaaanjiii?si=psdcMAR9xyD5Z6LP,,UCEkc4vsKyR1Sm-g63jjnktA,Confirmed,yash-dixit,,en,https://ugc.production.linktr.ee/74411e9e-0da7-4b20-9702-e65859955f10_dd540532-bcac-4f18-aa1e-28d56d5eb072.jpeg,yashdiixit@gmail.com,(+91) 9171397216
Yash Dixit,linkedin,in/yash-dixit-934273316,https://linkedin.com/in/yash-dixit-934273316,resolved,https://www.linkedin.com/in/yash-dixit-934273316?utm_source=share&utm_campaign=share_via&utm_content=profile&utm_medium=android_app,,,Confirmed,yash-dixit,,en,https://ugc.production.linktr.ee/74411e9e-0da7-4b20-9702-e65859955f10_dd540532-bcac-4f18-aa1e-28d56d5eb072.jpeg,yashdiixit@gmail.com,(+91) 9171397216
Bharat nakwal,instagram,bharat_nakwal_world,https://instagram.com/bharat_nakwal_world,resolved,https://www.instagram.com/bharat_nakwal_world/,,,Confirmed,bharat-nakwal,,en,https://ugc.production.linktr.ee/cd0f8eb7-918a-4f07-9664-4c91b34767a4_b203b52a-2c3c-4691-9804-6a6ca9255bc6.jpeg,nakwalboy.1@gmail.com,+91 8233756055
Bharat nakwal,youtube,@Bharatnakwalworld,https://youtube.com/@bharatnakwalworld,resolved,https://www.youtube.com/@Bharatnakwalworld/videos,,,Confirmed,bharat-nakwal,,en,https://ugc.production.linktr.ee/cd0f8eb7-918a-4f07-9664-4c91b34767a4_b203b52a-2c3c-4691-9804-6a6ca9255bc6.jpeg,nakwalboy.1@gmail.com,+91 8233756055
Gabriel Kobler,facebook,100092758102697,https://facebook.com/100092758102697,resolved,https://www.facebook.com/profile.php?id=100092758102697,,100092758102697,Waiting for scholarship,gabriel-kobler,,en,,gkoebler8@gmail.com,+977 9803820101
Gabriel Kobler,youtube,@Dharmadhara2024,https://youtube.com/@dharmadhara2024,resolved,https://www.youtube.com/@Dharmadhara2024,,UCyjNtxl8XcDnrVxpDhxk4Yg,Waiting for scholarship,gabriel-kobler,,en,,gkoebler8@gmail.com,+977 9803820101
Gabriel Kobler,instagram,dharmadhara.de,https://instagram.com/dharmadhara.de,resolved,https://www.instagram.com/dharmadhara.de/,,,Waiting for scholarship,gabriel-kobler,,en,,gkoebler8@gmail.com,+977 9803820101
Aditi Patwari,instagram,mindfulgatheringsae,https://instagram.com/mindfulgatheringsae,resolved,https://www.instagram.com/mindfulgatheringsae?igsh=MzR4ZG0yenQ4aDIw,,,Confirmed,aditi-patwari,,en,https://ugc.production.linktr.ee/ea050c99-2434-44a5-956e-07c68772daf1_IMG-8756.jpeg,aditi_patwari@rocketmail.com,+971528859170
Aditi Patwari,linkedin,company/mindful-gatherings-ae,https://linkedin.com/company/mindful-gatherings-ae,resolved,https://www.linkedin.com/company/mindful-gatherings-ae/,,,Confirmed,aditi-patwari,,en,https://ugc.production.linktr.ee/ea050c99-2434-44a5-956e-07c68772daf1_IMG-8756.jpeg,aditi_patwari@rocketmail.com,+971528859170
Rahul Dongre,instagram,mr.rahuldongre,https://instagram.com/mr.rahuldongre,resolved,https://www.instagram.com/mr.rahuldongre/?hl=en,,,Confirmed,rahul-dongre,,en,https://ugc.production.linktr.ee/AbNPVtyyQ26YkE0MvLPL_MJof8eDwfKPfY68K,r12dongre@gmail.com,+91 7773939812
Rahul Dongre,youtube,RahulDongre12,https://youtube.com/c/rahuldongre12,resolved,https://www.youtube.com/c/RahulDongre12?sub_confirmation=1,,UCht0JtYlD68C5z03xWVhkow,Confirmed,rahul-dongre,,en,https://ugc.production.linktr.ee/AbNPVtyyQ26YkE0MvLPL_MJof8eDwfKPfY68K,r12dongre@gmail.com,+91 7773939812
Rahul Dongre,facebook,BelieverRahul,https://facebook.com/believerrahul,resolved,https://www.facebook.com/BelieverRahul,,,Confirmed,rahul-dongre,,en,https://ugc.production.linktr.ee/AbNPVtyyQ26YkE0MvLPL_MJof8eDwfKPfY68K,r12dongre@gmail.com,+91 7773939812
Aachen Tenzin (Thupten),youtube,@aachentenzin,https://youtube.com/@aachentenzin,resolved,https://www.youtube.com/@aachentenzin,,UCUZPmpN5owI3vPBeafIKYaw,Pending,aachen-tenzin-thupten,,en,https://ugc.production.linktr.ee/7b207fdd-b269-4fd0-9455-cacbb2faa780_IMG-5241-copy.jpeg,tenthupten2016@gmail.com,+919900803532
Aachen Tenzin (Thupten),instagram,aachentenzin,https://instagram.com/aachentenzin,resolved,https://www.instagram.com/aachentenzin,,,Pending,aachen-tenzin-thupten,,en,https://ugc.production.linktr.ee/7b207fdd-b269-4fd0-9455-cacbb2faa780_IMG-5241-copy.jpeg,tenthupten2016@gmail.com,+919900803532
Aachen Tenzin (Thupten),facebook,tenzinthup10,https://facebook.com/tenzinthup10,resolved,https://www.facebook.com/tenzinthup10,,,Pending,aachen-tenzin-thupten,,en,https://ugc.production.linktr.ee/7b207fdd-b269-4fd0-9455-cacbb2faa780_IMG-5241-copy.jpeg,tenthupten2016@gmail.com,+919900803532
Path of Liberation [ Norbu Tsering,instagram,path.of_liberation,https://instagram.com/path.of_liberation,resolved,https://www.instagram.com/path.of_liberation,,,Confirmed,path-of-liberation-norbu-tsering,,en,https://ugc.production.linktr.ee/1ea80064-74df-4f89-a3bd-79a392680609_FB-IMG-1766681286711.jpeg,gkarma774@gmail.com,8580806807
Yeshi Dorjee (khoe) Jinsel,instagram,iam_jinsel,https://instagram.com/iam_jinsel,resolved,https://www.instagram.com/iam_jinsel,,,Confirmed,yeshi-dorjee-khoe-jinsel,,en,,tenzinjinsel@gmail.com,+91 8368629031
Uttam Shetty (Nagaloka Center Nagpur),instagram,nagalokacenter,https://instagram.com/nagalokacenter,resolved,https://www.instagram.com/nagalokacenter,,,Confirmed,uttam-shetty-nagaloka-center-nagpur,,en,https://ugc.production.linktr.ee/f0168bd1-8b3c-4f3c-a549-a114351495bb_WalkinBuddha-Nagaloka--95-.jpeg,shettyuttam@gmail.com,+919823831113
Uttam Shetty (Nagaloka Center Nagpur),facebook,NagalokaCenter,https://facebook.com/nagalokacenter,resolved,https://www.facebook.com/NagalokaCenter,,,Confirmed,uttam-shetty-nagaloka-center-nagpur,,en,https://ugc.production.linktr.ee/f0168bd1-8b3c-4f3c-a549-a114351495bb_WalkinBuddha-Nagaloka--95-.jpeg,shettyuttam@gmail.com,+919823831113
Uttam Shetty (Nagaloka Center Nagpur),youtube,@nagaloka,https://youtube.com/@nagaloka,resolved,https://www.youtube.com/@nagaloka,,UCnog_PvUnN6mUHPLRLf_5SQ,Confirmed,uttam-shetty-nagaloka-center-nagpur,,en,https://ugc.production.linktr.ee/f0168bd1-8b3c-4f3c-a549-a114351495bb_WalkinBuddha-Nagaloka--95-.jpeg,shettyuttam@gmail.com,+919823831113
Uttam Shetty (Nagaloka Center Nagpur),x,nagalokacenter,https://x.com/nagalokacenter,resolved,https://x.com/nagalokacenter,,,Confirmed,uttam-shetty-nagaloka-center-nagpur,,en,https://ugc.production.linktr.ee/f0168bd1-8b3c-4f3c-a549-a114351495bb_WalkinBuddha-Nagaloka--95-.jpeg,shettyuttam@gmail.com,+919823831113
Uttam Shetty (Nagaloka Center Nagpur),threads,nagalokacenter,https://threads.net/@nagalokacenter,resolved,https://www.threads.com/@nagalokacenter,,,Confirmed,uttam-shetty-nagaloka-center-nagpur,,en,https://ugc.production.linktr.ee/f0168bd1-8b3c-4f3c-a549-a114351495bb_WalkinBuddha-Nagaloka--95-.jpeg,shettyuttam@gmail.com,+919823831113
Ranjeet Shrawan Thool (Dhammachari Aryaketu),facebook,aryaketu,https://facebook.com/aryaketu,resolved,https://www.facebook.com/aryaketu,,,Confirmed,ranjeet-shrawan-thool-dhammachari-aryaketu,,en,https://ugc.production.linktr.ee/eede3f84-e0e2-4193-9188-7ce2d5589a50_IMG-6934.jpeg,aryaketu@yahoo.com,0091-9422116106
Ranjeet Shrawan Thool (Dhammachari Aryaketu),instagram,aryaketu,https://instagram.com/aryaketu,resolved,https://www.instagram.com/aryaketu,,,Confirmed,ranjeet-shrawan-thool-dhammachari-aryaketu,,en,https://ugc.production.linktr.ee/eede3f84-e0e2-4193-9188-7ce2d5589a50_IMG-6934.jpeg,aryaketu@yahoo.com,0091-9422116106
Ranjeet Shrawan Thool (Dhammachari Aryaketu),facebook,aryalokacomputereducation,https://facebook.com/aryalokacomputereducation,resolved,https://www.facebook.com/aryalokacomputereducation/,,,Confirmed,ranjeet-shrawan-thool-dhammachari-aryaketu,,en,https://ugc.production.linktr.ee/eede3f84-e0e2-4193-9188-7ce2d5589a50_IMG-6934.jpeg,aryaketu@yahoo.com,0091-9422116106
Ranjeet Shrawan Thool (Dhammachari Aryaketu),facebook,thebuddhistcentre.in,https://facebook.com/thebuddhistcentre.in,resolved,https://www.facebook.com/thebuddhistcentre.in/,,,Confirmed,ranjeet-shrawan-thool-dhammachari-aryaketu,,en,https://ugc.production.linktr.ee/eede3f84-e0e2-4193-9188-7ce2d5589a50_IMG-6934.jpeg,aryaketu@yahoo.com,0091-9422116106
Tejdarshan,facebook,tejmetta,https://facebook.com/tejmetta,resolved,https://www.facebook.com/tejmetta,,,Confirmed,tejdarshan,,en,https://ugc.production.linktr.ee/7d4ed355-dbc0-41d1-b09b-83d44a17a655_f266a76c-a4ce-492e-a73d-7b0c8f0510c1-1-all-2534.jpeg,tejmetta@gmail.com,00919307081264
Tejdarshan,instagram,tejdarshan,https://instagram.com/tejdarshan,resolved,https://www.instagram.com/tejdarshan,,,Confirmed,tejdarshan,,en,https://ugc.production.linktr.ee/7d4ed355-dbc0-41d1-b09b-83d44a17a655_f266a76c-a4ce-492e-a73d-7b0c8f0510c1-1-all-2534.jpeg,tejmetta@gmail.com,00919307081264
Rajat Mourya,youtube,@TheRajatMourya,https://youtube.com/@therajatmourya,resolved,https://www.youtube.com/@TheRajatMourya,,UCqs_p2902Z8z0FiIKPF6PlA,Confirmed,rajat-mourya,,en,https://ugc.production.linktr.ee/cc131f7a-d6ea-463e-b08c-59bfc61994a4_IMG-0849.jpeg,therajatmourya@gmail.com,9755453356
Rajat Mourya,facebook,Therajatmourya,https://facebook.com/therajatmourya,resolved,https://www.facebook.com/Therajatmourya,,,Confirmed,rajat-mourya,,en,https://ugc.production.linktr.ee/cc131f7a-d6ea-463e-b08c-59bfc61994a4_IMG-0849.jpeg,therajatmourya@gmail.com,9755453356
Rajat Mourya,instagram,therajatmourya,https://instagram.com/therajatmourya,resolved,https://instagram.com/therajatmourya,,,Confirmed,rajat-mourya,,en,https://ugc.production.linktr.ee/cc131f7a-d6ea-463e-b08c-59bfc61994a4_IMG-0849.jpeg,therajatmourya@gmail.com,9755453356
Rajat Mourya,youtube,@BahujanSahitya,https://youtube.com/@bahujansahitya,resolved,https://www.youtube.com/@BahujanSahitya,,UC_0CQxEcrIBBa72hamAq3DA,Confirmed,rajat-mourya,,en,https://ugc.production.linktr.ee/cc131f7a-d6ea-463e-b08c-59bfc61994a4_IMG-0849.jpeg,therajatmourya@gmail.com,9755453356
Rajat Mourya,x,Therajatmourya,https://x.com/Therajatmourya,resolved,https://x.com/Therajatmourya,,,Confirmed,rajat-mourya,,en,https://ugc.production.linktr.ee/cc131f7a-d6ea-463e-b08c-59bfc61994a4_IMG-0849.jpeg,therajatmourya@gmail.com,9755453356
Pema Yonten,instagram,pema.yonten.942,https://instagram.com/pema.yonten.942,resolved,https://instagram.com/pema.yonten.942,,,Confirmed,pema-yonten,,en,https://ugc.production.linktr.ee/153690da-5df3-43a1-a330-8c99cd9eaaaa_IMG-2078.jpeg,pemayonten5@gmail.com,+918132088018
Sherab Wangmo,instagram,lukzifilms,https://instagram.com/lukzifilms,resolved,https://www.instagram.com/lukzifilms,,,Confirmed,sherab-wangmo,,en,https://ugc.production.linktr.ee/b7a0501e-2dbe-46a0-ad05-9c8d679419c1_WhatsApp-Image-2026-01-03-at-13.24.00.jpeg,wangmosherab92@gmail.com,9906857321
Sherab Wangmo,youtube,@lukzifilms,https://youtube.com/@lukzifilms,resolved,https://www.youtube.com/@lukzifilms,,UCSr_fhIvDMJN2c66P63PM2A,Confirmed,sherab-wangmo,,en,https://ugc.production.linktr.ee/b7a0501e-2dbe-46a0-ad05-9c8d679419c1_WhatsApp-Image-2026-01-03-at-13.24.00.jpeg,wangmosherab92@gmail.com,9906857321
Stanzin Namtol,instagram,stanzinnamtol,https://instagram.com/stanzinnamtol,resolved,https://www.instagram.com/stanzinnamtol,,,Confirmed,stanzin-namtol,,en,,stanzinnamtol670@gmail.com,+91 6394000628
Stanzin Lotos,instagram,tselopa13,https://instagram.com/tselopa13,resolved,https://www.instagram.com/tselopa13?igsh=MTYzZmlwOWFienR3ag==,,,Confirmed,stanzin-lotos,,en,https://ugc.production.linktr.ee/5bd1ee16-2304-4363-a0d4-423a36318933_Screenshot-2025-12-19-22-07-34-75-99c04817c0de5652397fc8b56c3b3817-copy-429x626.jpeg,tenzinlotos89@gmail.com,9419214587
SANTOSH SAKHARAM AMBHORE,youtube,@dasturkhudda,https://youtube.com/@dasturkhudda,resolved,https://youtube.com/@dasturkhudda?si=vkeprm0HCqEvHxzx,,UCw27iVLiVykUn_WkH3_UYpQ,Confirmed,santosh-sakharam-ambhore,,en,https://ugc.production.linktr.ee/b3fdfe61-e600-4556-9d01-8275353d6dce_1001510524.jpeg,santosh.ambhore86@gmail.com,+91 8668300637
SANTOSH SAKHARAM AMBHORE,instagram,_dasturkhudda_,https://instagram.com/_dasturkhudda_,resolved,https://www.instagram.com/_dasturkhudda_?igsh=cjViY3F2ZG94OWJp,,,Confirmed,santosh-sakharam-ambhore,,en,https://ugc.production.linktr.ee/b3fdfe61-e600-4556-9d01-8275353d6dce_1001510524.jpeg,santosh.ambhore86@gmail.com,+91 8668300637
Ganesh Palshikar (Guhyaprakash),youtube,@nagaloka,https://youtube.com/@nagaloka,resolved,https://youtube.com/@nagaloka?si=EqWmxz-zRaS3aqNL,,UCnog_PvUnN6mUHPLRLf_5SQ,Confirmed,ganesh-palshikar-guhyaprakash,,en,https://ugc.production.linktr.ee/c5ca8315-beb8-49f8-81ce-fc9520543b0c_1000517949.jpeg,gpalshikar@gmail.com,917276851950
Ganesh Palshikar (Guhyaprakash),instagram,palshikarg,https://instagram.com/palshikarg,resolved,https://www.instagram.com/palshikarg,,,Confirmed,ganesh-palshikar-guhyaprakash,,en,https://ugc.production.linktr.ee/c5ca8315-beb8-49f8-81ce-fc9520543b0c_1000517949.jpeg,gpalshikar@gmail.com,917276851950
Ganesh Palshikar (Guhyaprakash),facebook,ganesh.palshikar.71,https://facebook.com/ganesh.palshikar.71,resolved,https://www.facebook.com/ganesh.palshikar.71,,,Confirmed,ganesh-palshikar-guhyaprakash,,en,https://ugc.production.linktr.ee/c5ca8315-beb8-49f8-81ce-fc9520543b0c_1000517949.jpeg,gpalshikar@gmail.com,917276851950
"Jay Liao, Yeshe gyatso",instagram,manjushri.foreveryoung,https://instagram.com/manjushri.foreveryoung,resolved,https://www.instagram.com/manjushri.foreveryoung,,,Confirmed,jay-liao-yeshe-gyatso,,en,https://ugc.production.linktr.ee/9a249ab9-eb2c-437d-a40f-5178874fee55_IMG-7269.png,jay1020@indrajala.tw,+886) 972863925
Siddharth Negi,instagram,siddmintoo,https://instagram.com/siddmintoo,resolved,https://www.instagram.com/siddmintoo,,,Confirmed,siddharth-negi,,en,https://ugc.production.linktr.ee/48e69e4f-641a-4eff-99fc-c8d7a77f7801_1000017569.jpeg,siddnegi789@gmail.com,+917905073283
Paudel Dhruba,youtube,@nepalsamajnews,https://youtube.com/@nepalsamajnews,resolved,https://www.youtube.com/@nepalsamajnews,,UCK1u-7SHJZ9C3huaLpt0Dbg,Confirmed,paudel-dhruba,,en,https://ugc.production.linktr.ee/65d37335-6951-4c33-a1a6-ba628253e5f0_Dhruba-Photo-PP.jpeg,dhruba8@hotmail.com,+977-9851189596
Jigme Wangmo,instagram,jikgmewang,https://instagram.com/jikgmewang,resolved,https://instagram.com/jikgmewang,,,Confirmed,jigme-wangmo,,en,,jikgmejigme@gmail.com,+975 77344779
Pema Lhaden,instagram,Palnadidas,https://instagram.com/palnadidas,resolved,https://instagram.com/Palnadidas,,,Confirmed,pema-lhaden,,en,https://ugc.production.linktr.ee/70a06d6f-7a42-4726-892c-5d466a5f232a_1000001673.webp,pemalhagyal59@gmail.com,975 77654708
Lopon Jigme Dorji,youtube,@jigmedorje4395,https://youtube.com/@jigmedorje4395,resolved,https://www.youtube.com/@jigmedorje4395,,UCb3xRSBRyXOhkne5TIW1fgw,Confirmed,lopon-jigme-dorji,,en,https://ugc.production.linktr.ee/38e81ac1-4752-4a60-b335-96abcf301a7b_photo-2025-12-26-07-19-41.jpeg,jigmedorjesc@gmail.com,+97577207089
Suresh Kumar,facebook,suresh.paswan1,https://facebook.com/suresh.paswan1,resolved,https://www.facebook.com/suresh.paswan1/,,,Waiting for scholarship,suresh-kumar,,en,https://ugc.production.linktr.ee/2d068769-2cf6-4db9-b225-80088b2ef577_IMG-0746.jpeg,wlbsindia@gmail.com,+919424300503
Suresh Kumar,instagram,wlbsnews,https://instagram.com/wlbsnews,resolved,https://www.instagram.com/wlbsnews,,,Waiting for scholarship,suresh-kumar,,en,https://ugc.production.linktr.ee/2d068769-2cf6-4db9-b225-80088b2ef577_IMG-0746.jpeg,wlbsindia@gmail.com,+919424300503
Suresh Kumar,youtube,@wlbsnew,https://youtube.com/@wlbsnew,resolved,https://www.youtube.com/@wlbsnew,,,Waiting for scholarship,suresh-kumar,,en,https://ugc.production.linktr.ee/2d068769-2cf6-4db9-b225-80088b2ef577_IMG-0746.jpeg,wlbsindia@gmail.com,+919424300503
Suresh Kumar,facebook,wlbsnews,https://facebook.com/wlbsnews,resolved,https://www.facebook.com/wlbsnews,,,Waiting for scholarship,suresh-kumar,,en,https://ugc.production.linktr.ee/2d068769-2cf6-4db9-b225-80088b2ef577_IMG-0746.jpeg,wlbsindia@gmail.com,+919424300503
Suresh Kumar,x,wlbsnews,https://x.com/wlbsnews,resolved,https://x.com/wlbsnews,,,Waiting for scholarship,suresh-kumar,,en,https://ugc.production.linktr.ee/2d068769-2cf6-4db9-b225-80088b2ef577_IMG-0746.jpeg,wlbsindia@gmail.com,+919424300503
Suresh Kumar,youtube,WLBSNews,https://youtube.com/c/wlbsnews,resolved,https://www.youtube.com/c/WLBSNews,,UCCFSMua8S8A4_zaZMhFREaw,Waiting for scholarship,suresh-kumar,,en,https://ugc.production.linktr.ee/2d068769-2cf6-4db9-b225-80088b2ef577_IMG-0746.jpeg,wlbsindia@gmail.com,+919424300503
Suresh Kumar,threads,wlbsnews,https://threads.net/@wlbsnews,resolved,https://www.threads.net/@wlbsnews,,,Waiting for scholarship,suresh-kumar,,en,https://ugc.production.linktr.ee/2d068769-2cf6-4db9-b225-80088b2ef577_IMG-0746.jpeg,wlbsindia@gmail.com,+919424300503
Suresh Kumar,youtube,@WLBSNews,https://youtube.com/@wlbsnews,resolved,https://www.youtube.com/@WLBSNews,,UCCFSMua8S8A4_zaZMhFREaw,Waiting for scholarship,suresh-kumar,,en,https://ugc.production.linktr.ee/2d068769-2cf6-4db9-b225-80088b2ef577_IMG-0746.jpeg,wlbsindia@gmail.com,+919424300503
Satyajeet Chakma (Ven. Jinananda Thera),facebook,Bhante12,https://facebook.com/bhante12,resolved,https://facebook.com/Bhante12,,,Confirmed,satyajeet-chakma-ven-jinananda-thera,,en,https://ugc.production.linktr.ee/e396bb0c-eaae-45f4-81f3-879055d774ad_4c96eac9-74b0-433a-ac15-a2f1b3c10dd1.jpeg,bhante06@gmail.com,917085353644
Satyajeet Chakma (Ven. Jinananda Thera),instagram,bhante.jinananda,https://instagram.com/bhante.jinananda,resolved,https://instagram.com/bhante.jinananda,,,Confirmed,satyajeet-chakma-ven-jinananda-thera,,en,https://ugc.production.linktr.ee/e396bb0c-eaae-45f4-81f3-879055d774ad_4c96eac9-74b0-433a-ac15-a2f1b3c10dd1.jpeg,bhante06@gmail.com,917085353644
Dorje kalzang,instagram,dkboss0301,https://instagram.com/dkboss0301,resolved,https://instagram.com/dkboss0301,,,Confirmed,dorje-kalzang,,en,https://ugc.production.linktr.ee/8c21cccd-39e0-437b-9394-2a193aaf2b22_IMG-20251218-151139-892.webp,dorjee.kalsang.9@gmail.com,+91 9695591802
Siddharth Shivnarayan Misal,instagram,buddhist_caves_and_stupa,https://instagram.com/buddhist_caves_and_stupa,resolved,https://www.instagram.com/buddhist_caves_and_stupa?igsh=MWtlOXRuMzZ3and2Zg==,,,Confirmed,siddharth-shivnarayan-misal,,en,https://ugc.production.linktr.ee/16a68d57-0584-44bd-b352-7309792490cf_IMG-20240612-202121.jpeg,buddhistcavesandstupa@gmail.com,+919307588067
Siddharth Shivnarayan Misal,youtube,@buddhistcavesandstupa,https://youtube.com/@buddhistcavesandstupa,resolved,https://youtube.com/@buddhistcavesandstupa?si=EtgY5iaADT_H-UjN,,UC8vFZpb0hS-ZvqHGm8XU-lA,Confirmed,siddharth-shivnarayan-misal,,en,https://ugc.production.linktr.ee/16a68d57-0584-44bd-b352-7309792490cf_IMG-20240612-202121.jpeg,buddhistcavesandstupa@gmail.com,+919307588067
Pratibha Patil,instagram,Pratibha_pink_princess,https://instagram.com/pratibha_pink_princess,resolved,https://www.instagram.com/Pratibha_pink_princess,,,Confirmed,pratibha-patil,,en,https://ugc.production.linktr.ee/3eb514fc-ab39-4c09-9f8a-6269f519764d_20250305-134945.jpeg,pratibhapatilair@gmail.com,+91 9130872205
Pratibha Patil,youtube,@pratibhapatil8045,https://youtube.com/@pratibhapatil8045,resolved,https://www.youtube.com/@pratibhapatil8045,,UCZbz0GUcrQJwetEUejV9tTQ,Confirmed,pratibha-patil,,en,https://ugc.production.linktr.ee/3eb514fc-ab39-4c09-9f8a-6269f519764d_20250305-134945.jpeg,pratibhapatilair@gmail.com,+91 9130872205
Pratibha Patil,facebook,Pratibha,https://facebook.com/pratibha,resolved,https://www.facebook.com/Pratibha,,,Confirmed,pratibha-patil,,en,https://ugc.production.linktr.ee/3eb514fc-ab39-4c09-9f8a-6269f519764d_20250305-134945.jpeg,pratibhapatilair@gmail.com,+91 9130872205
tenpunlama (Tenzin Phuntsok),instagram,silent.path_108,https://instagram.com/silent.path_108,resolved,https://www.instagram.com/silent.path_108?igsh=MXJmajN6a242bG92aA==,,,Confirmed,tenpunlama-tenzin-phuntsok,,en,https://ugc.production.linktr.ee/da1fa7d4-3e4e-4742-81c6-9c040b76362d_WhatsApp-Image-2025-12-28-at-7.24.33-PM.jpeg,karmadrjee61@gmail.com,+977 9863277277
tenpunlama (Tenzin Phuntsok),youtube,@Tenpunlama,https://youtube.com/@tenpunlama,resolved,https://www.youtube.com/@Tenpunlama/featured,,UCRHjmjSDVTRtsiR7Q4TDvvA,Confirmed,tenpunlama-tenzin-phuntsok,,en,https://ugc.production.linktr.ee/da1fa7d4-3e4e-4742-81c6-9c040b76362d_WhatsApp-Image-2025-12-28-at-7.24.33-PM.jpeg,karmadrjee61@gmail.com,+977 9863277277
SANGITKUMAR TIRESHWAR SAKHARE,facebook,sangit.sakhre,https://facebook.com/sangit.sakhre,resolved,https://www.facebook.com/sangit.sakhre,,,Confirmed,sangitkumar-tireshwar-sakhare,,en,https://ugc.production.linktr.ee/7cc304d9-7ebf-45a0-aecf-7cc5c291c7bb_sangit.png,sangitkumarbauddha@gmail.com,+919673144067
SANGITKUMAR TIRESHWAR SAKHARE,instagram,rahagirbodhi,https://instagram.com/rahagirbodhi,resolved,https://instagram.com/rahagirbodhi,,,Confirmed,sangitkumar-tireshwar-sakhare,,en,https://ugc.production.linktr.ee/7cc304d9-7ebf-45a0-aecf-7cc5c291c7bb_sangit.png,sangitkumarbauddha@gmail.com,+919673144067
Tashi Nyima,facebook,darpagurme,https://facebook.com/darpagurme,resolved,https://www.facebook.com/darpagurme,,,Confirmed,tashi-nyima,,en,https://ugc.production.linktr.ee/1dfc3875-fb4e-45c2-85ad-c6473278b997_1833.jpeg,tashinyima1995@gmail.com,7483087704
Pema Lhendup,instagram,lhenday,https://instagram.com/lhenday,resolved,https://www.instagram.com/lhenday,,,Confirmed,pema-lhendup,,en,https://ugc.production.linktr.ee/17d3ebdc-eb98-4515-ac1f-9e9ee69ac0fe_IMG-0297.jpeg,pemalhenday@gmail.com,+918617841958
Pema Lhendup,facebook,pemalhendup987,https://facebook.com/pemalhendup987,resolved,https://www.facebook.com/pemalhendup987?,,,Confirmed,pema-lhendup,,en,https://ugc.production.linktr.ee/17d3ebdc-eb98-4515-ac1f-9e9ee69ac0fe_IMG-0297.jpeg,pemalhenday@gmail.com,+918617841958
Sonam Gyeltshen,instagram,LOTUS_NOTES3,https://instagram.com/lotus_notes3,resolved,https://instagram.com/LOTUS_NOTES3,,,Waiting for scholarship,sonam-gyeltshen,,en,https://ugc.production.linktr.ee/f39b68f7-b3cc-495b-935a-5618a0653164_e0c6eb14-41d5-47bb-b084-5880f23bf38c.jpeg,soniagabe28@gmail.com,country code +975    No.17286326
Tibet Dr shakya (karma gyedun),youtube,TibetDrShakya,https://youtube.com/c/tibetdrshakya,resolved,https://www.youtube.com/c/TibetDrShakya,,UCRtBfoTYacAhkgr1UxA39JQ,Confirmed,tibet-dr-shakya-karma-gyedun,,en,https://ugc.production.linktr.ee/c21ac216-3e51-46e3-9f1f-a32c6f5c172f_1767770728004.jpeg,kgyedun@gmail.com,6204762933
Tibet Dr shakya (karma gyedun),instagram,tibet_dr_shakya,https://instagram.com/tibet_dr_shakya,resolved,https://www.instagram.com/tibet_dr_shakya/,,,Confirmed,tibet-dr-shakya-karma-gyedun,,en,https://ugc.production.linktr.ee/c21ac216-3e51-46e3-9f1f-a32c6f5c172f_1767770728004.jpeg,kgyedun@gmail.com,6204762933
Ho Vu Dieu Tuyen,instagram,peacein.diutiens.soul,https://instagram.com/peacein.diutiens.soul,resolved,https://www.instagram.com/peacein.diutiens.soul,,,Waiting for scholarship,ho-vu-dieu-tuyen,,en,https://ugc.production.linktr.ee/6bf7ff58-9496-483f-9ac7-0acfc7e7cd22_1.sqr.png,dieutuyen1999@gmail.com,(+84)899316205
Ho Vu Dieu Tuyen,youtube,@peaceinhersoul,https://youtube.com/@peaceinhersoul,resolved,https://www.youtube.com/@peaceinhersoul,,UCmo0JXmUv5QGPIhPaOcJcjQ,Waiting for scholarship,ho-vu-dieu-tuyen,,en,https://ugc.production.linktr.ee/6bf7ff58-9496-483f-9ac7-0acfc7e7cd22_1.sqr.png,dieutuyen1999@gmail.com,(+84)899316205
Sonam Lhamu Khochilu,instagram,SonamKhochilu,https://instagram.com/sonamkhochilu,resolved,https://www.instagram.com/SonamKhochilu,,,Pending,sonam-lhamu-khochilu,,en,,iamkhochilu19@gmail.com,917085245859
Sonam Lhamu Khochilu,youtube,@sonamkhochilu8195,https://youtube.com/@sonamkhochilu8195,resolved,https://www.youtube.com/@sonamkhochilu8195,,UC-94Nuz3B5zo3OFNFbtV14w,Pending,sonam-lhamu-khochilu,,en,,iamkhochilu19@gmail.com,917085245859
Sonam Lhamu Khochilu,facebook,sonamlhamu.khochilu,https://facebook.com/sonamlhamu.khochilu,resolved,https://www.facebook.com/sonamlhamu.khochilu,,,Pending,sonam-lhamu-khochilu,,en,,iamkhochilu19@gmail.com,917085245859
Karma Dolma,instagram,_kadonn,https://instagram.com/_kadonn,resolved,https://www.instagram.com/_kadonn?igsh=ZnR3aWNrc2p2cWw2&utm_source=qr,,,Pending,karma-dolma,,en,https://ugc.production.linktr.ee/154e127c-b318-4ce0-9853-2bfe8e1d4558_IMG-0153.jpeg,kadon5658@gmail.com,+91 7051764232
Karma Dolma,youtube,@karmadolma58,https://youtube.com/@karmadolma58,resolved,https://youtube.com/@karmadolma58?si=oAeYkXmZvxOMSX_1,,UC6EN4raXa0YVqvxlKyk1j1w,Pending,karma-dolma,,en,https://ugc.production.linktr.ee/154e127c-b318-4ce0-9853-2bfe8e1d4558_IMG-0153.jpeg,kadon5658@gmail.com,+91 7051764232
Thile Dorje Lama,youtube,@Bhaithile,https://youtube.com/@bhaithile,resolved,https://www.youtube.com/@Bhaithile,,,Confirmed,thile-dorje-lama,,en,https://ugc.production.linktr.ee/107f6683-34c4-45e9-9f88-9f900497a70a_mmexport1757000746992.jpeg,bhaithrinley@gmail.com,+9779709767123
Thile Dorje Lama,youtube,@bhaithinle,https://youtube.com/@bhaithinle,resolved,https://youtube.com/@bhaithinle?si=cX9HurT49M-jV2CV,,,Confirmed,thile-dorje-lama,,en,https://ugc.production.linktr.ee/107f6683-34c4-45e9-9f88-9f900497a70a_mmexport1757000746992.jpeg,bhaithrinley@gmail.com,+9779709767123
nawang dechen kc,instagram,lhamuchhimi,https://instagram.com/lhamuchhimi,resolved,https://instagram.com/lhamuchhimi,,,Confirmed,nawang-dechen-kc,,en,https://ugc.production.linktr.ee/db8d5d2a-62ac-4651-b440-329f01dfef4c_1000147373.jpeg,ngawangdechen97@gmail.com,9779812498194
nawang dechen kc,tiktok,sweetfamily136,https://tiktok.com/@sweetfamily136,resolved,https://www.tiktok.com/@sweetfamily136,,,Confirmed,nawang-dechen-kc,,en,https://ugc.production.linktr.ee/db8d5d2a-62ac-4651-b440-329f01dfef4c_1000147373.jpeg,ngawangdechen97@gmail.com,9779812498194
nawang dechen kc,youtube,@Sweetfamily21,https://youtube.com/@sweetfamily21,resolved,https://www.youtube.com/@Sweetfamily21,,UCL3jvF4Q0_DFmC01Wg2lK6Q,Confirmed,nawang-dechen-kc,,en,https://ugc.production.linktr.ee/db8d5d2a-62ac-4651-b440-329f01dfef4c_1000147373.jpeg,ngawangdechen97@gmail.com,9779812498194
Thupten Sherab,instagram,yakdzi,https://instagram.com/yakdzi,resolved,https://www.instagram.com/yakdzi?igsh=YWtpdng5ZmJmYmJ6&utm_source=qr,,,Confirmed,thupten-sherab,,en,https://ugc.production.linktr.ee/52d12b23-fa63-4338-8f4d-c38333a091dd_DSC-0046.jpeg,yakdzi1@gmail.com,+91 8618295064
Arun Sonune,youtube,@arunsonune-m1i,https://youtube.com/@arunsonune-m1i,resolved,https://youtube.com/@arunsonune-m1i?si=4QdYCzg8Xo_tXaq6,,,Confirmed,arun-sonune,,en,https://ugc.production.linktr.ee/6b7bf617-f12d-4ae2-a215-09792b408340_1000016027.jpeg,arunsonune951@gmail.com,91+7620713589
Arun Sonune,instagram,arunsonune951,https://instagram.com/arunsonune951,resolved,https://www.instagram.com/arunsonune951,,,Confirmed,arun-sonune,,en,https://ugc.production.linktr.ee/6b7bf617-f12d-4ae2-a215-09792b408340_1000016027.jpeg,arunsonune951@gmail.com,91+7620713589
Kunsang Tenzing,instagram,storiesoftibetans,https://instagram.com/storiesoftibetans,resolved,https://www.instagram.com/storiesoftibetans,,,Confirmed,kunsang-tenzing,,en,https://ugc.production.linktr.ee/f11564bf-53c2-4a39-b4d0-54dec9872860_Logo-Final-01.png,storiesoftibetans@gmail.com,919882162770
Kunsang Tenzing,youtube,@storiesoftibetans,https://youtube.com/@storiesoftibetans,resolved,https://www.youtube.com/@storiesoftibetans,,UC5DADtvAby2kPfZcv3Taywg,Confirmed,kunsang-tenzing,,en,https://ugc.production.linktr.ee/f11564bf-53c2-4a39-b4d0-54dec9872860_Logo-Final-01.png,storiesoftibetans@gmail.com,919882162770
Kunsang Tenzing,threads,storiesoftibetans,https://threads.net/@storiesoftibetans,resolved,https://www.threads.net/@storiesoftibetans,,,Confirmed,kunsang-tenzing,,en,https://ugc.production.linktr.ee/f11564bf-53c2-4a39-b4d0-54dec9872860_Logo-Final-01.png,storiesoftibetans@gmail.com,919882162770
Tenzin Pema / Tenzin Choney,instagram,jamyang_chozang,https://instagram.com/jamyang_chozang,resolved,https://www.instagram.com/jamyang_chozang,,,Confirmed,tenzin-pema-tenzin-choney,,en,https://ugc.production.linktr.ee/fd74dd38-5278-4612-bbdc-a6e7e74ae496_IMG-0022.jpeg,jamyangchozang74@gmail.com,7018267082
Kailash Chandra Bauddha,instagram,kailash.bauddha,https://instagram.com/kailash.bauddha,resolved,https://instagram.com/kailash.bauddha,,,Waiting to hear back,kailash-chandra-bauddha,,en,https://ugc.production.linktr.ee/30c28d73-4125-4bd2-a955-f87d2e4b6336_0W6A0728.jpeg,kailash.bauddha@gmail.com,+919418248624
Kailash Chandra Bauddha,youtube,@KailashBauddha,https://youtube.com/@kailashbauddha,resolved,https://www.youtube.com/@KailashBauddha,,UC7zJr7qFkMxlwfTW5ISNXKQ,Waiting to hear back,kailash-chandra-bauddha,,en,https://ugc.production.linktr.ee/30c28d73-4125-4bd2-a955-f87d2e4b6336_0W6A0728.jpeg,kailash.bauddha@gmail.com,+919418248624
Prabin Chakma,facebook,bhante.jiban,https://facebook.com/bhante.jiban,resolved,https://www.facebook.com/bhante.jiban,,,Confirmed,prabin-chakma,,en,https://ugc.production.linktr.ee/05ff296e-d249-4afd-bff0-3fad4353a513_1000017186.jpeg,chakmaprabin18@gmail.com,(±91)7738767225
Prabin Chakma,instagram,b.jiban,https://instagram.com/b.jiban,resolved,https://www.instagram.com/b.jiban,,,Confirmed,prabin-chakma,,en,https://ugc.production.linktr.ee/05ff296e-d249-4afd-bff0-3fad4353a513_1000017186.jpeg,chakmaprabin18@gmail.com,(±91)7738767225
DEEPA THAKUR,instagram,deepaa_thakurrr,https://instagram.com/deepaa_thakurrr,resolved,https://www.instagram.com/deepaa_thakurrr?igsh=MWk4MmdzcW85eHRiag%3D%3D&utm_source=qr,,,Confirmed,deepa-thakur,,en,,deepa@khyentsefoundation.org,+919535508608
DEEPA THAKUR,facebook,deepa.thakur,https://facebook.com/deepa.thakur,resolved,https://www.facebook.com/deepa.thakur/,,,Confirmed,deepa-thakur,,en,,deepa@khyentsefoundation.org,+919535508608
DEEPA THAKUR,instagram,creativityandresilience,https://instagram.com/creativityandresilience,resolved,https://www.instagram.com/creativityandresilience?igsh=dWNkOGYxdDc2cw==,,,Confirmed,deepa-thakur,,en,,deepa@khyentsefoundation.org,+919535508608
DEEPA THAKUR,instagram,_taraclub,https://instagram.com/_taraclub,resolved,https://www.instagram.com/_taraclub?igsh=NjQ3amttNXRvNHk0,,,Confirmed,deepa-thakur,,en,,deepa@khyentsefoundation.org,+919535508608
DEEPA THAKUR,instagram,khyentsefoundation,https://instagram.com/khyentsefoundation,resolved,https://instagram.com/khyentsefoundation,,,Confirmed,deepa-thakur,,en,,deepa@khyentsefoundation.org,+919535508608
Gunturi Agni Mithra,instagram,ft.agni_,https://instagram.com/ft.agni_,resolved,https://www.instagram.com/ft.agni_?igsh=MWU3dTZqeGp3OGZoOA%3D%3D&utm_source=qr,,,Confirmed,gunturi-agni-mithra,,en,https://ugc.production.linktr.ee/0bafaee4-6c4b-4fe9-8b91-3fd8029c1adc_9c308725-7a2d-4e9c-a6f9-fe2f6c3a11ac.jpeg,gunturi.agnimithra@gmail.com,+91 6309372846
Gunturi Agni Mithra,instagram,_taraclub,https://instagram.com/_taraclub,resolved,https://www.instagram.com/_taraclub?igsh=MXV0MHg3Z2VtNmF0dg==,,,Confirmed,gunturi-agni-mithra,,en,https://ugc.production.linktr.ee/0bafaee4-6c4b-4fe9-8b91-3fd8029c1adc_9c308725-7a2d-4e9c-a6f9-fe2f6c3a11ac.jpeg,gunturi.agnimithra@gmail.com,+91 6309372846
Gunturi Agni Mithra,instagram,khyentsefoundation,https://instagram.com/khyentsefoundation,resolved,https://www.instagram.com/khyentsefoundation?igsh=dGlzN2x2bXd5cXhw,,,Confirmed,gunturi-agni-mithra,,en,https://ugc.production.linktr.ee/0bafaee4-6c4b-4fe9-8b91-3fd8029c1adc_9c308725-7a2d-4e9c-a6f9-fe2f6c3a11ac.jpeg,gunturi.agnimithra@gmail.com,+91 6309372846
Akshay Khobragade,youtube,@weekontrip,https://youtube.com/@weekontrip,resolved,https://youtube.com/@weekontrip?si=d_Xoo-fj0ciX5TAW,,UCblG8XsP2m4JP2m87DC3yFw,Pending,akshay-khobragade,,en,https://ugc.production.linktr.ee/194a6b1d-992f-4d2d-9d1f-067dfee22b7e_WEEKONTRIP-LOGO-01.png,akshaykhobragade119@gmail.com,9987493635
Akshay Khobragade,instagram,weekontrip.vlogs,https://instagram.com/weekontrip.vlogs,resolved,https://www.instagram.com/weekontrip.vlogs,,,Pending,akshay-khobragade,,en,https://ugc.production.linktr.ee/194a6b1d-992f-4d2d-9d1f-067dfee22b7e_WEEKONTRIP-LOGO-01.png,akshaykhobragade119@gmail.com,9987493635
Tashi Chosgon,youtube,@UndercoverMonk,https://youtube.com/@undercovermonk,resolved,https://www.youtube.com/@UndercoverMonk,,UCEgbjs0CwiGmSah2ZptzTCw,Pending,tashi-chosgon,,en,https://ugc.production.linktr.ee/418440f9-5b6e-4cef-82c0-749dcaee0eb0_1000316074.webp,chosgon55@gmail.com,+916006222044
Tashi Chosgon,instagram,undercover._.monk,https://instagram.com/undercover._.monk,resolved,https://instagram.com/undercover._.monk,,,Pending,tashi-chosgon,,en,https://ugc.production.linktr.ee/418440f9-5b6e-4cef-82c0-749dcaee0eb0_1000316074.webp,chosgon55@gmail.com,+916006222044
Bhikkhu Shripad Sthavir,instagram,bhikkhushripad,https://instagram.com/bhikkhushripad,resolved,https://www.instagram.com/bhikkhushripad,,,Confirmed,bhikkhu-shripad-sthavir,,en,https://ugc.production.linktr.ee/dc236613-26d4-4fee-a3f7-295a21db90b1_pNaPRBC2ADgYptMDBPJ2-1SNsujOZaV4pC3GSycW-IUStXjOG02LQrbeLr9zb14Wzytn-PqC-zA-s800-c-k-c0x00ffffff-no-.jpeg,bhikkhushripadsthavir@gmail.com,+919022602287
Bhikkhu Shripad Sthavir,youtube,@bhikkhushripadsthavir,https://youtube.com/@bhikkhushripadsthavir,resolved,https://www.youtube.com/@bhikkhushripadsthavir,,UCEO4tGMJgYwLeqScOJse4xA,Confirmed,bhikkhu-shripad-sthavir,,en,https://ugc.production.linktr.ee/dc236613-26d4-4fee-a3f7-295a21db90b1_pNaPRBC2ADgYptMDBPJ2-1SNsujOZaV4pC3GSycW-IUStXjOG02LQrbeLr9zb14Wzytn-PqC-zA-s800-c-k-c0x00ffffff-no-.jpeg,bhikkhushripadsthavir@gmail.com,+919022602287
Bhikkhu Shripad Sthavir,facebook,bhikhhu.shripad.sthavir,https://facebook.com/bhikhhu.shripad.sthavir,resolved,https://www.facebook.com/bhikhhu.shripad.sthavir,,,Confirmed,bhikkhu-shripad-sthavir,,en,https://ugc.production.linktr.ee/dc236613-26d4-4fee-a3f7-295a21db90b1_pNaPRBC2ADgYptMDBPJ2-1SNsujOZaV4pC3GSycW-IUStXjOG02LQrbeLr9zb14Wzytn-PqC-zA-s800-c-k-c0x00ffffff-no-.jpeg,bhikkhushripadsthavir@gmail.com,+919022602287
Tanmay Tayade,instagram,theashokabuddhistfoundation,https://instagram.com/theashokabuddhistfoundation,resolved,https://www.instagram.com/theashokabuddhistfoundation,,,Confirmed,tanmay-tayade,,en,https://ugc.production.linktr.ee/9b5cd3fb-9e1e-41f1-8471-50a6c857b069_IMG-20260107-180424.jpeg,tanmaytayade4@gmail.com,+917558475548
Tanmay Tayade,youtube,@theashokabuddhistfoundation,https://youtube.com/@theashokabuddhistfoundation,resolved,https://www.youtube.com/@theashokabuddhistfoundation,,UCZmDorodPCjqcqqzDCj_83Q,Confirmed,tanmay-tayade,,en,https://ugc.production.linktr.ee/9b5cd3fb-9e1e-41f1-8471-50a6c857b069_IMG-20260107-180424.jpeg,tanmaytayade4@gmail.com,+917558475548
Tanmay Tayade,facebook,theashokabuddhistfoundation,https://facebook.com/theashokabuddhistfoundation,resolved,https://www.facebook.com/theashokabuddhistfoundation,,,Confirmed,tanmay-tayade,,en,https://ugc.production.linktr.ee/9b5cd3fb-9e1e-41f1-8471-50a6c857b069_IMG-20260107-180424.jpeg,tanmaytayade4@gmail.com,+917558475548
Tsering Palden,facebook,khawa80,https://facebook.com/khawa80,resolved,https://www.facebook.com/khawa80,,,Pending,tsering-palden,,en,https://ugc.production.linktr.ee/6a45e4e0-7540-49c7-8bb7-65614df95d5f_PP.jpeg,khawa1980@gmail.com,+919857777165
Karma Chimmi Wangmo,facebook,bhutanmindfulness,https://facebook.com/bhutanmindfulness,resolved,https://www.facebook.com/bhutanmindfulness/,,,Confirmed,karma-chimmi-wangmo,,en,https://ugc.production.linktr.ee/727e0660-50b4-48e3-83ec-0e996ce1a9c4_WhatsApp-Image-2026-01-07-at-17.44.27.jpeg,karmacwangmo@bhutanmindfulness.com,+975 17714537
Karma Chimmi Wangmo,youtube,@BhutanMindfulnessChannel,https://youtube.com/@bhutanmindfulnesschannel,resolved,https://www.youtube.com/@BhutanMindfulnessChannel,,UCH7vkoEe5DH6BnAaZgQEzNQ,Confirmed,karma-chimmi-wangmo,,en,https://ugc.production.linktr.ee/727e0660-50b4-48e3-83ec-0e996ce1a9c4_WhatsApp-Image-2026-01-07-at-17.44.27.jpeg,karmacwangmo@bhutanmindfulness.com,+975 17714537
Karma Chimmi Wangmo,tiktok,bhutanmindfulness,https://tiktok.com/@bhutanmindfulness,resolved,https://www.tiktok.com/@bhutanmindfulness?is_from_webapp=1&sender_device=pc,,,Confirmed,karma-chimmi-wangmo,,en,https://ugc.production.linktr.ee/727e0660-50b4-48e3-83ec-0e996ce1a9c4_WhatsApp-Image-2026-01-07-at-17.44.27.jpeg,karmacwangmo@bhutanmindfulness.com,+975 17714537
Karma Chimmi Wangmo,instagram,bhutanmindfulness,https://instagram.com/bhutanmindfulness,resolved,https://www.instagram.com/bhutanmindfulness/,,,Confirmed,karma-chimmi-wangmo,,en,https://ugc.production.linktr.ee/727e0660-50b4-48e3-83ec-0e996ce1a9c4_WhatsApp-Image-2026-01-07-at-17.44.27.jpeg,karmacwangmo@bhutanmindfulness.com,+975 17714537
Laxmikanta Sunil Mane,youtube,@underthebodhitreepodcast,https://youtube.com/@underthebodhitreepodcast,resolved,https://www.youtube.com/@underthebodhitreepodcast,,UCMzjJ6hJW6iHWM0WnMODfqg,Pending,laxmikanta-sunil-mane,,en,https://ugc.production.linktr.ee/e5a91882-2d6a-4d17-b53c-c8c658717302_lm.jpeg,glaxmi77@gmail.com,919881098152
Laxmikanta Sunil Mane,instagram,underthebodhitreepodcast25,https://instagram.com/underthebodhitreepodcast25,resolved,https://www.instagram.com/underthebodhitreepodcast25/,,,Pending,laxmikanta-sunil-mane,,en,https://ugc.production.linktr.ee/e5a91882-2d6a-4d17-b53c-c8c658717302_lm.jpeg,glaxmi77@gmail.com,919881098152
Tshering Penjor,instagram,Penjorla3230,https://instagram.com/penjorla3230,resolved,https://www.instagram.com/Penjorla3230,,,Pending,tshering-penjor,,en,https://ugc.production.linktr.ee/9581dc2d-4b89-4013-b227-fd8dff537f1a_960a5df3295fdf6a5c35d5a17f590ce7-tplv-tiktokx-cropcenter-1080-1080.jpeg,penjor2414@gmail.com,+97517302414
Tshering Penjor,tiktok,tsheringpenjor98,https://tiktok.com/@tsheringpenjor98,resolved,https://www.tiktok.com/@tsheringpenjor98,,,Pending,tshering-penjor,,en,https://ugc.production.linktr.ee/9581dc2d-4b89-4013-b227-fd8dff537f1a_960a5df3295fdf6a5c35d5a17f590ce7-tplv-tiktokx-cropcenter-1080-1080.jpeg,penjor2414@gmail.com,+97517302414
Mrigendra Pratap,facebook,mrigendra.pratap.37,https://facebook.com/mrigendra.pratap.37,resolved,https://www.facebook.com/mrigendra.pratap.37,,,Pending,mrigendra-pratap,,en,https://ugc.production.linktr.ee/2e39469d-b3d6-4921-83c8-dafaccf887e5_349126011-1000580751385941-8044000787137964608-n.jpeg,pratapmrigendra.unipune@gmail.com,+91 8805842677
Karma Yonten,instagram,maroon_potato,https://instagram.com/maroon_potato,resolved,https://www.instagram.com/maroon_potato,,,Confirmed,karma-yonten,,en,https://ugc.production.linktr.ee/e1fabec7-331f-42f5-ba31-8904d33eecc7_414d0b57f74aabccd335fa1ce4f08a20-tplv-tiktokx-cropcenter-1080-1080.jpeg,karmax55yon@gmail.com,+97517929857
Karma Yonten,tiktok,themaroonpotatovlog,https://tiktok.com/@themaroonpotatovlog,resolved,https://www.tiktok.com/@themaroonpotatovlog,,,Confirmed,karma-yonten,,en,https://ugc.production.linktr.ee/e1fabec7-331f-42f5-ba31-8904d33eecc7_414d0b57f74aabccd335fa1ce4f08a20-tplv-tiktokx-cropcenter-1080-1080.jpeg,karmax55yon@gmail.com,+97517929857
Karma Yonten,youtube,@MaroonPotatovlog,https://youtube.com/@maroonpotatovlog,resolved,https://www.youtube.com/@MaroonPotatovlog,,UCZaT6vXbCHevpGGYgoGC1yQ,Confirmed,karma-yonten,,en,https://ugc.production.linktr.ee/e1fabec7-331f-42f5-ba31-8904d33eecc7_414d0b57f74aabccd335fa1ce4f08a20-tplv-tiktokx-cropcenter-1080-1080.jpeg,karmax55yon@gmail.com,+97517929857
Basant Khatri,instagram,bhutanmindfulness,https://instagram.com/bhutanmindfulness,resolved,https://www.instagram.com/bhutanmindfulness,,,Confirmed,basant-khatri,,en,https://ugc.production.linktr.ee/098c5dbe-f40c-44e8-8262-2e4ff229851d_5445.jpeg,Basantkhatri000@gmail.com,+97517451468
Tenzin Chemi,instagram,tenzinc_vlog,https://instagram.com/tenzinc_vlog,resolved,https://www.instagram.com/tenzinc_vlog,,,Pending,tenzin-chemi,,en,https://ugc.production.linktr.ee/df77cf3b-2fb8-4b2b-93c6-95892c74e4cd_IMG-8130.jpeg,tenzinchemi442@gmail.com,7628933678
CHIMI TSHERING,youtube,@Born-to-Die-1999,https://youtube.com/@born-to-die-1999,resolved,https://www.youtube.com/@Born-to-Die-1999,,,Pending,chimi-tshering,,en,https://ugc.production.linktr.ee/96f46042-3948-435c-8f51-7894cc62c6f5_1000010062.jpeg,chimitshering616@gmail.com,+975 17359472
Gangkar Metok,instagram,metok_22_,https://instagram.com/metok_22_,resolved,https://www.instagram.com/metok_22_,,,Confirmed,gangkar-metok,,en,https://ugc.production.linktr.ee/f5c44409-13fc-41d0-886e-df40e1f080aa_wxwsHu2vvXe2zcYFDwTAmXr9Lp3zVB89-ZmPV3Vz0Pf1TlfHiXSB9P8S4ciKVxOFvlgPzBlAWeM-s800-c-k-c0x00ffffff-no-.jpeg,thinleypalmo22@gmail.com,7267910917
Gangkar Metok,youtube,@bumogangkarmetok9012,https://youtube.com/@bumogangkarmetok9012,resolved,https://www.youtube.com/@bumogangkarmetok9012,,UCrp6Gj5CIZlayUlMYqgHZOw,Confirmed,gangkar-metok,,en,https://ugc.production.linktr.ee/f5c44409-13fc-41d0-886e-df40e1f080aa_wxwsHu2vvXe2zcYFDwTAmXr9Lp3zVB89-ZmPV3Vz0Pf1TlfHiXSB9P8S4ciKVxOFvlgPzBlAWeM-s800-c-k-c0x00ffffff-no-.jpeg,thinleypalmo22@gmail.com,7267910917
Gangkar Metok,facebook,gangkar,https://facebook.com/gangkar,resolved,https://www.facebook.com/gangkar,,,Confirmed,gangkar-metok,,en,https://ugc.production.linktr.ee/f5c44409-13fc-41d0-886e-df40e1f080aa_wxwsHu2vvXe2zcYFDwTAmXr9Lp3zVB89-ZmPV3Vz0Pf1TlfHiXSB9P8S4ciKVxOFvlgPzBlAWeM-s800-c-k-c0x00ffffff-no-.jpeg,thinleypalmo22@gmail.com,7267910917
DIKI LHAMU SHERPA,youtube,@dikila5848,https://youtube.com/@dikila5848,resolved,https://youtube.com/@dikila5848?si=wTgThpsvU35N2xSW,,,Confirmed,diki-lhamu-sherpa,,en,https://ugc.production.linktr.ee/6dbc3459-20b5-4370-a86d-e63f472d7f85_4de73285-8de0-4628-9b42-9446d16ea47f.jpeg,dikilhamusherpa@gmail.com,+91-9382851365
DIKI LHAMU SHERPA,instagram,sherpa__dikila,https://instagram.com/sherpa__dikila,resolved,https://instagram.com/sherpa__dikila,,,Confirmed,diki-lhamu-sherpa,,en,https://ugc.production.linktr.ee/6dbc3459-20b5-4370-a86d-e63f472d7f85_4de73285-8de0-4628-9b42-9446d16ea47f.jpeg,dikilhamusherpa@gmail.com,+91-9382851365
Tenzin Rabga,instagram,rabga878,https://instagram.com/rabga878,resolved,https://instagram.com/rabga878,,,Confirmed,tenzin-rabga,,en,https://ugc.production.linktr.ee/31907f91-6cc5-4f0d-922a-57b88c4c1944_2d6e7ab2-d323-46dc-9a82-4d3aae0f9fd4.jpeg,tenzinrabga85@gmail.com,+918800332159
Tenzin Rabga,youtube,@tenzinrabga1959,https://youtube.com/@tenzinrabga1959,resolved,https://www.youtube.com/@tenzinrabga1959,,UC7VY4kWgnAUOgNF-0gWGNdQ,Confirmed,tenzin-rabga,,en,https://ugc.production.linktr.ee/31907f91-6cc5-4f0d-922a-57b88c4c1944_2d6e7ab2-d323-46dc-9a82-4d3aae0f9fd4.jpeg,tenzinrabga85@gmail.com,+918800332159
Kelzang Wangdi,instagram,Kelsangwangs,https://instagram.com/kelsangwangs,resolved,https://instagram.com/Kelsangwangs,,,Confirmed,kelzang-wangdi,,en,https://ugc.production.linktr.ee/5216ca92-3c08-4c83-a897-9030488c8c82_FC102E7A-FABA-453D-BC9B-19EA0E1F7711.jpeg,kelzang96wanz@gmail.com,+97517503761
Lopon Choying Tenpa,facebook,choyingtenpa,https://facebook.com/choyingtenpa,resolved,https://www.facebook.com/choyingtenpa?mibextid=ZbWKwL,,,Confirmed,lopon-choying-tenpa,,en,https://ugc.production.linktr.ee/8a558d8e-7011-4031-a615-999fd3ce3718_WhatsApp-Image-2026-01-09-at-1.36.01-PM.jpeg,choyingtenpabs@gmail.com,918348734333
Lopon Choying Tenpa,instagram,bokarchoying,https://instagram.com/bokarchoying,resolved,https://www.instagram.com/bokarchoying,,,Confirmed,lopon-choying-tenpa,,en,https://ugc.production.linktr.ee/8a558d8e-7011-4031-a615-999fd3ce3718_WhatsApp-Image-2026-01-09-at-1.36.01-PM.jpeg,choyingtenpabs@gmail.com,918348734333
Achal wasnik,instagram,wasnik_achal,https://instagram.com/wasnik_achal,resolved,https://www.instagram.com/wasnik_achal,,,Confirmed,achal-wasnik,,en,https://ugc.production.linktr.ee/3cdc3b38-dca5-4688-83f8-fd065f74de59_ae7956cf-92c8-42fb-81e2-9fd955ddb8f6-1-all-17353.jpeg,abhanchal02@gmail.com,919021573518
Karmavajra Dhammachari,youtube,@TriratnaIndia,https://youtube.com/@triratnaindia,resolved,https://www.youtube.com/@TriratnaIndia,,UCSq_ZWPsfnQ-twrBWwmmO4g,Pending,karmavajra-dhammachari,,en,https://ugc.production.linktr.ee/816a46bf-3552-4567-ba40-da6d158acf3a_-DSC5217.jpeg,karmavajra@gmail.com,919028122087
Karmavajra Dhammachari,facebook,karmavajra.dhammachari,https://facebook.com/karmavajra.dhammachari,resolved,https://www.facebook.com/karmavajra.dhammachari/,,,Pending,karmavajra-dhammachari,,en,https://ugc.production.linktr.ee/816a46bf-3552-4567-ba40-da6d158acf3a_-DSC5217.jpeg,karmavajra@gmail.com,919028122087
Karmavajra Dhammachari,instagram,triratna_india,https://instagram.com/triratna_india,resolved,https://instagram.com/triratna_india,,,Pending,karmavajra-dhammachari,,en,https://ugc.production.linktr.ee/816a46bf-3552-4567-ba40-da6d158acf3a_-DSC5217.jpeg,karmavajra@gmail.com,919028122087
Sonam Choden,tiktok,thevintagesoul1311,https://tiktok.com/@thevintagesoul1311,resolved,https://www.tiktok.com/@thevintagesoul1311?_r=1&_t=zs-93781xd8raj,,,Confirmed,sonam-choden,,en,https://ugc.production.linktr.ee/e75c0f5d-85fb-4ee4-ba52-fa657d3d74dd_IMG-8914.jpeg,schoden128282@gmail.com,97517673464
Sonam Choden,instagram,sonam_128282,https://instagram.com/sonam_128282,resolved,https://www.instagram.com/sonam_128282?igsh=MTl6ajR0anAycjN5dw%3D%3D&utm_source=qr,,,Confirmed,sonam-choden,,en,https://ugc.production.linktr.ee/e75c0f5d-85fb-4ee4-ba52-fa657d3d74dd_IMG-8914.jpeg,schoden128282@gmail.com,97517673464
Sonam Choden,threads,sonam_128282,https://threads.net/@sonam_128282,resolved,https://www.threads.com/@sonam_128282?igshid=NTc4MTIwNjQ2YQ==,,,Confirmed,sonam-choden,,en,https://ugc.production.linktr.ee/e75c0f5d-85fb-4ee4-ba52-fa657d3d74dd_IMG-8914.jpeg,schoden128282@gmail.com,97517673464
Pathum Ranasinghe Arachchilage,instagram,pathum_ranasinghe,https://instagram.com/pathum_ranasinghe,resolved,https://instagram.com/pathum_ranasinghe,,,Confirmed,pathum-ranasinghe-arachchilage,,en,https://ugc.production.linktr.ee/373a606a-d824-4ddf-a530-156093720856_WhatsApp-Image-2026-01-08-at-08.57.31.jpeg,ra.pathum@gmail.com,94716839441
Pathum Ranasinghe Arachchilage,linkedin,in/pathum-ranasinghe-arachchilage-65191191,https://linkedin.com/in/pathum-ranasinghe-arachchilage-65191191,resolved,https://www.linkedin.com/in/pathum-ranasinghe-arachchilage-65191191?utm_source=share&utm_campaign=share_via&utm_content=profile&utm_medium=android_app,,,Confirmed,pathum-ranasinghe-arachchilage,,en,https://ugc.production.linktr.ee/373a606a-d824-4ddf-a530-156093720856_WhatsApp-Image-2026-01-08-at-08.57.31.jpeg,ra.pathum@gmail.com,94716839441
Kunzes Dolma,instagram,buddhist_girl_from_paddar,https://instagram.com/buddhist_girl_from_paddar,resolved,https://www.instagram.com/buddhist_girl_from_paddar?igsh=MWYyMGVhNGxjZWtrcQ%3D%3D&utm_source=qr,,,Confirmed,kunzes-dolma,,en,https://ugc.production.linktr.ee/8138aaac-ad58-4c98-bb97-dd7bd5084ad2_E01C194F-7EF5-47F0-A41D-7B23079530F0.png,kunzesdolma1994@gmail.com,8082318477
Kunzes Dolma,youtube,@kunzesrablampa94,https://youtube.com/@kunzesrablampa94,resolved,https://youtube.com/@kunzesrablampa94?si=mEMjWVMoQDYJuoW8,,,Confirmed,kunzes-dolma,,en,https://ugc.production.linktr.ee/8138aaac-ad58-4c98-bb97-dd7bd5084ad2_E01C194F-7EF5-47F0-A41D-7B23079530F0.png,kunzesdolma1994@gmail.com,8082318477
Pema Wangyel,instagram,pegyel777,https://instagram.com/pegyel777,resolved,https://instagram.com/pegyel777,,,Confirmed,pema-wangyel,,en,https://ugc.production.linktr.ee/528c9624-f5e4-40f9-8c66-07ad93ebafb9_IMG-3443.jpeg,pewang999@gmail.com,977 9700749902
Achesh Kamble,instagram,achesh_kamble,https://instagram.com/achesh_kamble,resolved,https://instagram.com/achesh_kamble,,,Confirmed,achesh-kamble,,en,https://ugc.production.linktr.ee/11fb42c5-4ff6-462b-834d-c29095cacfde_74296f39-f03f-49b0-9b96-0e292836c176.jpeg,acheshkamble665@gmail.com,‪+91 86980 28675‬
Achesh Kamble,youtube,@achesh,https://youtube.com/@achesh,resolved,https://youtube.com/@achesh?si=tQdQgCWPLVwaqupn,,UCyW4WnJDkBKMl0MBa5T5ibQ,Confirmed,achesh-kamble,,en,https://ugc.production.linktr.ee/11fb42c5-4ff6-462b-834d-c29095cacfde_74296f39-f03f-49b0-9b96-0e292836c176.jpeg,acheshkamble665@gmail.com,‪+91 86980 28675‬
Ogyen Tenzin,youtube,@ogyentenzin,https://youtube.com/@ogyentenzin,resolved,https://youtube.com/@ogyentenzin?si=Wetn6CXZ6Hy-qTGX,,UCBcl1A4guB5waUxxRz0DrLw,Confirmed,ogyen-tenzin,,en,https://ugc.production.linktr.ee/7a122678-779d-4631-964e-9f9adfb1f547_Screenshot-2026-01-09-at-1.19.06PM.png,ogyentenzin@gmail.com,919511732463
Ogyen Tenzin,instagram,ogyentenzin,https://instagram.com/ogyentenzin,resolved,https://www.instagram.com/ogyentenzin?igsh=dTBzb3doMm5qZDky&utm_source=qr,,,Confirmed,ogyen-tenzin,,en,https://ugc.production.linktr.ee/7a122678-779d-4631-964e-9f9adfb1f547_Screenshot-2026-01-09-at-1.19.06PM.png,ogyentenzin@gmail.com,919511732463
Tenzin Gejed,instagram,singtolamusic,https://instagram.com/singtolamusic,resolved,https://instagram.com/singtolamusic,,,Confirmed,tenzin-gejed,,en,https://ugc.production.linktr.ee/c0111174-388b-4278-9f22-584506bc6c78_oB5ZlHGJfhP1DpmJSZiSEs8TgwFpZ1htf5M7YqE52EnkKuhhSIBJj-mPQVJcewTRWUb-AOSYzg-s800-c-k-c0x00ffffff-no-r.jpeg,tenzingejed@gmail.com,6364505914
Tenzin Gejed,youtube,@singtola,https://youtube.com/@singtola,resolved,https://www.youtube.com/@singtola,,UCHXge5lNfB9DAP3UNcEgoew,Confirmed,tenzin-gejed,,en,https://ugc.production.linktr.ee/c0111174-388b-4278-9f22-584506bc6c78_oB5ZlHGJfhP1DpmJSZiSEs8TgwFpZ1htf5M7YqE52EnkKuhhSIBJj-mPQVJcewTRWUb-AOSYzg-s800-c-k-c0x00ffffff-no-r.jpeg,tenzingejed@gmail.com,6364505914
Penpa Tsering,instagram,idieformynation,https://instagram.com/idieformynation,resolved,https://www.instagram.com/idieformynation,,,Confirmed,penpa-tsering,,en,https://ugc.production.linktr.ee/8a1d2a01-4757-4343-8f94-30d3cafc222f_photo.jpeg,penpatseringpast@gmail.com,919958556059
Penpa Tsering,youtube,@penpatsering5591,https://youtube.com/@penpatsering5591,resolved,https://www.youtube.com/@penpatsering5591,,,Confirmed,penpa-tsering,,en,https://ugc.production.linktr.ee/8a1d2a01-4757-4343-8f94-30d3cafc222f_photo.jpeg,penpatseringpast@gmail.com,919958556059
Sonam Dolma,instagram,_sonam.dolma_,https://instagram.com/_sonam.dolma_,resolved,https://instagram.com/_sonam.dolma_,,,Confirmed,sonam-dolma,,en,https://ugc.production.linktr.ee/96d23535-3177-4058-8e3f-45d159441fcc_IMG-5876.jpeg,sdkyung22@gmail.com,8544725877
Sonam Dolma,youtube,@SONAM_from_SPITI,https://youtube.com/@sonam_from_spiti,resolved,https://www.youtube.com/@SONAM_from_SPITI,,UCMuSa4g3EVdgjSGKdPnhA3w,Confirmed,sonam-dolma,,en,https://ugc.production.linktr.ee/96d23535-3177-4058-8e3f-45d159441fcc_IMG-5876.jpeg,sdkyung22@gmail.com,8544725877
Sonam Chhomo,youtube,@knit_tales_spiti,https://youtube.com/@knit_tales_spiti,resolved,https://youtube.com/@knit_tales_spiti?si=jyvxH_17yWTZyIZe&sub_confirmation=1,,UC8vBFvJaSEs4qserc5wnCmg,Confirmed,sonam-chhomo,,en,https://ugc.production.linktr.ee/0856783c-07c3-4352-a6be-7c86815fc205_IMG-3182.jpeg,schhomo59@gmail.com,919717908020
Sonam Chhomo,instagram,sonam_____tsomo,https://instagram.com/sonam_____tsomo,resolved,https://instagram.com/sonam_____tsomo,,,Confirmed,sonam-chhomo,,en,https://ugc.production.linktr.ee/0856783c-07c3-4352-a6be-7c86815fc205_IMG-3182.jpeg,schhomo59@gmail.com,919717908020
Aman Kumar Verma,instagram,Gaya.Beats,https://instagram.com/gaya.beats,resolved,https://www.instagram.com/Gaya.Beats,,,Confirmed,aman-kumar-verma,,en,https://ugc.production.linktr.ee/f5d83bf3-8bd1-40f6-9d5c-f1c7473812d4_IMG-3032.jpeg,amnkumar43@gmail.com,6203523978
Aman Kumar Verma,facebook,gayabeats,https://facebook.com/gayabeats,resolved,https://facebook.com/gayabeats?,,,Confirmed,aman-kumar-verma,,en,https://ugc.production.linktr.ee/f5d83bf3-8bd1-40f6-9d5c-f1c7473812d4_IMG-3032.jpeg,amnkumar43@gmail.com,6203523978
Aman Kumar Verma,youtube,@gayabeatsofficial,https://youtube.com/@gayabeatsofficial,resolved,https://youtube.com/@gayabeatsofficial?si=zjSfl5tvNpcOYG8k,,,Confirmed,aman-kumar-verma,,en,https://ugc.production.linktr.ee/f5d83bf3-8bd1-40f6-9d5c-f1c7473812d4_IMG-3032.jpeg,amnkumar43@gmail.com,6203523978
Aman Kumar Verma,youtube,@Gayabeatsoffical,https://youtube.com/@gayabeatsoffical,resolved,https://www.youtube.com/@Gayabeatsoffical,,,Confirmed,aman-kumar-verma,,en,https://ugc.production.linktr.ee/f5d83bf3-8bd1-40f6-9d5c-f1c7473812d4_IMG-3032.jpeg,amnkumar43@gmail.com,6203523978
Gyalpo Tashi,x,gyalphur,https://x.com/gyalphur,resolved,https://x.com/gyalphur,,,Confirmed,gyalpo-tashi,,en,https://ugc.production.linktr.ee/59b4bb8d-2c58-4ac2-88f5-f88f65e1ba6a_9a4123a7-6f64-4c34-9b01-ee82ece0fee1.jpeg,tashi.omalaya@gmail.com,9805163232
Gyalpo Tashi,instagram,gyalphur_tashi,https://instagram.com/gyalphur_tashi,resolved,https://www.instagram.com/gyalphur_tashi/,,,Confirmed,gyalpo-tashi,,en,https://ugc.production.linktr.ee/59b4bb8d-2c58-4ac2-88f5-f88f65e1ba6a_9a4123a7-6f64-4c34-9b01-ee82ece0fee1.jpeg,tashi.omalaya@gmail.com,9805163232
Gyalpo Tashi,facebook,omalayatravel,https://facebook.com/omalayatravel,resolved,https://www.facebook.com/omalayatravel,,,Confirmed,gyalpo-tashi,,en,https://ugc.production.linktr.ee/59b4bb8d-2c58-4ac2-88f5-f88f65e1ba6a_9a4123a7-6f64-4c34-9b01-ee82ece0fee1.jpeg,tashi.omalaya@gmail.com,9805163232
Sagar Gautam,instagram,sagar_bhuian787,https://instagram.com/sagar_bhuian787,resolved,https://www.instagram.com/sagar_bhuian787/,,,Confirmed,sagar-gautam,,en,https://ugc.production.linktr.ee/15a168c6-431e-4c6c-8e86-1bf54deb7040_1000077997.jpeg,sagargautam46685@gmail.com,917317035709
Sagar Gautam,youtube,@sagargautam6601,https://youtube.com/@sagargautam6601,resolved,https://youtube.com/@sagargautam6601?si=o4g9-IukCEfuFKoq,,UCeu0K8INrcBtWxrOE_pil1Q,Confirmed,sagar-gautam,,en,https://ugc.production.linktr.ee/15a168c6-431e-4c6c-8e86-1bf54deb7040_1000077997.jpeg,sagargautam46685@gmail.com,917317035709
Tenzin Lekmay,instagram,tenmoen,https://instagram.com/tenmoen,resolved,https://www.instagram.com/tenmoen/?utm_source=ig_web_button_share_sheet,,,Confirmed,tenzin-lekmay,,en,https://ugc.production.linktr.ee/6054ed9b-a2b3-4c9c-9481-e67ea5e6c175_Moen-Media-House-Logo.png,moencollections@gmail.com,7018349534
Tenzin Lekmay,instagram,moenmediahouse,https://instagram.com/moenmediahouse,resolved,https://www.instagram.com/moenmediahouse/,,,Confirmed,tenzin-lekmay,,en,https://ugc.production.linktr.ee/6054ed9b-a2b3-4c9c-9481-e67ea5e6c175_Moen-Media-House-Logo.png,moencollections@gmail.com,7018349534
Robin Chakma(Brahma Dutta),youtube,@buddhagayabanavihar9972,https://youtube.com/@buddhagayabanavihar9972,resolved,https://youtube.com/@buddhagayabanavihar9972?si=CxylwxxTyWEwRUbe,,UCZQIBUQ9rBo1H0ngrlsrU3A,Confirmed,robin-chakma-brahma-dutta,,en,https://ugc.production.linktr.ee/9b0576b5-41f9-4138-a6b1-06947bd42617_IMG-7918.jpeg,brahmachakma@gmail.com,8521120146
