Sr.No,Confirmation for Event,Emali,Full Name,WhastApp,LinkTree URL,Status of URL,,,,
1,Confirmed ,jurmaykarma25@gmail.com,Lopon Jurmay Karma,+975 77878080,https://linktr.ee/jurmaykarma25,Done,,,,
2,Confirmed ,karmazangpobhutia12@gmail.com,Dorjeepa ,7679879437,https://linktr.ee/karmazangpo22,Done,,Over all Data,,
3,Confirmed ,sangaytashi563@gmail.com,Chhewang Dorjee ,+ 91 6294412456,https://linktr.ee/MGMTSEWANGDORJEE,Done,,,,
4,Confirmed ,jamyangdakpa144@gmail.com,Tashi Takpa,8278876390,https://linktr.ee/jamyangdakpa144,Done,,Total Applicant,116,
5,Confirmed ,kata.sontsa@gmail.com,Bhuchung Kata (Kalsang Tashi),+14164711980,https://linktr.ee/kata.sontsa,Done,,URL Recieved,107,
6,Confirmed ,tdevi8542@gmail.com,Nishchal Pakhrin (Ani yangchen Drolma),9779845184476,https://linktr.ee/tdevi8542,Done,,Not Recieved,9,
7,Confirmed ,tenzinshiva13@gmail.com,Kesang Butit,9418677241,https://linktr.ee/Kes.B,Done,,,,
8,Confirmed ,munparabsel@gmail.com,Tashi Lhamo A,8091706077,https://linktr.ee/lhamotashi421,Done,,,,
9,Confirmed ,munparabsel@gmail.com,Tanzin Dekit,9882179180,https://linktr.ee/dekyiitenzin1,Done,,,,
10,Confirmed ,munparabsel@gmail.com,Chhering Angmo,9882179180,https://linktr.ee/chheringwangmo,Done,,,,
11,Confirmed ,munparabsel@gmail.com,Rigzin Angmo,9882179180,https://linktr.ee/amorigzin77,Done,,,,
12,Confirmed ,munparabsel@gmail.com,Tashi Lamo,9317469595,https://linktr.ee/tashi8543,Done,,,,
13,Confirmed ,tzejenchow@gmail.com,Chow Tze Jen,+60122023153,https://linktr.ee/tzejen,Done,,,,
14,Confirmed ,tenzin@tenzinphuljung.com,Tenzin Phuljung ,91 9882327724,https://linktr.ee/Phuljung_tenzin,Done,,,,
15,Waiting for scholarship,buddhabhmi314@gmail.com,Pranav Subhash Dandge,9028929488,https://linktr.ee/Buddhabhumi314,Done,,,,
16,Confirmed ,yashdiixit@gmail.com,Yash Dixit ,(+91) 9171397216,https://linktr.ee/bhagwanji_,Done,,,,
17,Confirmed ,nakwalboy.1@gmail.com,Bharat nakwal,+91 8233756055,https://linktr.ee/nakwalboy.1,Done,,,,
18,Waiting for scholarship,gkoebler8@gmail.com,Gabriel Kobler,+977 9803820101,https://linktr.ee/GabrielKobler,Done,,,,
19,Confirmed ,aditi_patwari@rocketmail.com,Aditi Patwari,+971528859170,https://linktr.ee/mindfulgatheringsae,Done,,,,
20,Confirmed ,gurenlama@gmail.com,Dorje lama,+9779843800747,https://linktr.ee/Dorjelama,Done,,,,
21,Confirmed ,r12dongre@gmail.com,Rahul Dongre ,+91 7773939812,https://linktr.ee/dongrerahul,Done,moderator,,,
22,,tenthupten2016@gmail.com,Aachen Tenzin (Thupten),+919900803532,https://linktr.ee/aachentenzin,Done,Done,,,
23,Confirmed ,gkarma774@gmail.com,Path of Liberation [ Norbu Tsering ,8580806807,https://linktr.ee/Path8585,Done,,,,
24,Confirmed ,tenzinjinsel@gmail.com,Yeshi Dorjee (khoe) Jinsel,+91 8368629031,https://linktr.ee/tenzinjinsel,Done,,,,
25,Confirmed ,shettyuttam@gmail.com,Uttam Shetty (Nagaloka Center Nagpur),+919823831113,https://linktr.ee/nagaloka,Done,,,,
26,Confirmed ,aryaketu@yahoo.com,Ranjeet Shrawan Thool (Dhammachari Aryaketu),0091-9422116106,https://linktr.ee/aryaketu,Done,,,,F
27,Confirmed ,tejmetta@gmail.com,Tejdarshan ,00919307081264,https://linktr.ee/tejmetta,Done,,,,
28,Confirmed ,therajatmourya@gmail.com,Rajat Mourya,9755453356,https://linktr.ee/therajatmourya,Done,,,,
29,Confirmed ,pemayonten5@gmail.com,Pema Yonten ,+918132088018,https://linktr.ee/pemayonten5,Done,,,,
30,Confirmed ,wangmosherab92@gmail.com,Sherab Wangmo ,9906857321,https://linktr.ee/wangmoshatsang,Done,,,,
31,Confirmed ,stanzinnamtol670@gmail.com,Stanzin Namtol,+91 6394000628,https://linktr.ee/stanzinnamtol670,Done,,,,
32,Confirmed ,tenzinlotos89@gmail.com,Stanzin Lotos,9419214587,https://linktr.ee/tenzinlotos89,Done,,,,
33,Confirmed ,santosh.ambhore86@gmail.com,SANTOSH SAKHARAM AMBHORE ,+91 8668300637,https://linktr.ee/santosh.ambhore86,Done,,,,
34,Confirmed ,rajender.deerpark@gmail.com,Rajender Kumar (Deer Park),+919805281363,https://linktr.ee/rajender.deerpark,Done,,,,
35,,trilockk@gmail.com,Budhi Singh (Trilok) (Deer park),+919857442778,https://linktr.ee/trilockk,Done,,,,
36,Confirmed ,beripaldengyal@gmail.com,Beri Gyalse,+91 73035 67377,https://linktr.ee/beripaldengyal,,,,,
37,Confirmed ,gpalshikar@gmail.com,Ganesh Palshikar (Guhyaprakash),917276851950,https://linktr.ee/gpalshikar,Done,,,,
38,Confirmed ,jay1020@indrajala.tw,"Jay Liao, Yeshe gyatso",+886) 972863925,https://linktr.ee/manjushri.foreveryoung,Done,,,,
39,Confirmed ,siddnegi789@gmail.com,Siddharth Negi,+917905073283,https://linktr.ee/siddnegi,Done,,,,
40,Confirmed ,drvdgaikwad@yahoo.com,Vidyadhar Dr Gaikwad,+91-9823959019,https://linktr.ee/vtd7jdb8vk,Done,,,,
41,Confirmed ,dhruba8@hotmail.com,Paudel Dhruba,+977-9851189596,https://linktr.ee/dhruba8,Done,,,,
42,Confirmed ,jikgmejigme@gmail.com,Jigme Wangmo,+975 77344779,https://linktr.ee/jikgmejigme,Done,,,,
43,Confirmed ,pemalhagyal59@gmail.com,Pema Lhaden, 975 77654708,https://linktr.ee/pemalhagyal59,Done,,,,
44,Confirmed ,jigmedorjesc@gmail.com,Lopon Jigme Dorji ,+97577207089,https://linktr.ee/jigmedorje,Done,,,,
45,Waiting for scholarship,wlbsindia@gmail.com,Suresh Kumar ,+919424300503,https://linktr.ee/wlbsnews?utm_source=linktree_admin_share,Done,,,,
46,Confirmed ,bhante06@gmail.com,Satyajeet Chakma (Ven. Jinananda Thera),917085353644,https://linktr.ee/bhante06,Done,,,,
47,Confirmed ,dorjee.kalsang.9@gmail.com,Dorje kalzang,+91 9695591802,https://linktr.ee/dorjee.kalsang.9,Done,,,,
48,Confirmed ,buddhistcavesandstupa@gmail.com,Siddharth Shivnarayan Misal,+919307588067,https://linktr.ee/siddhartha_s.m,Done,,,,
49,Confirmed ,pratibhapatilair@gmail.com,Pratibha Patil,+91 9130872205,https://linktr.ee/pratibhapink,Done,,,,
50,Confirmed ,karmadrjee61@gmail.com,tenpunlama (Tenzin Phuntsok),+977 9863277277,https://linktr.ee/karmadrjee61,Done,,,,
51,Confirmed ,bhantechulla@yahoo.com,Ven Godamune Chullanaga Thero ,+94716431517,https://linktr.ee/bhantechulla,Done,,,,
52,Confirmed ,sangitkumarbauddha@gmail.com,SANGITKUMAR TIRESHWAR SAKHARE ,+919673144067,https://linktr.ee/rahagirbodhi,Done,,,,
53,Confirmed ,tashinyima1995@gmail.com,Tashi Nyima,7483087704,https://linktr.ee/tashinyima1995,Done,,,,
54,Confirmed ,pemalhenday@gmail.com,Pema Lhendup,+918617841958,https://linktr.ee/lhenday,Done,,,,
55,Waiting for scholarship,soniagabe28@gmail.com,Sonam Gyeltshen,country code +975    No.17286326,https://linktr.ee/soniagabe28,Done,,,,
56,Confirmed ,kgyedun@gmail.com,Tibet Dr shakya (karma gyedun),6204762933,https://linktr.ee/kgyedun,Done,,,,
57,Waiting for scholarship,dieutuyen1999@gmail.com,Ho Vu Dieu Tuyen,(+84)899316205,https://linktr.ee/diutien,Done,,,,
58,,iamkhochilu19@gmail.com,Sonam Lhamu Khochilu ,917085245859,https://linktr.ee/iamkhochilu19?utm_source=linktree_admin_share,Done,,,,
59,,kadon5658@gmail.com,Karma Dolma,+91 7051764232,https://linktr.ee/karmadolma,Done,,,,
60,Confirmed ,bhaithrinley@gmail.com,Thile Dorje Lama,+9779709767123,https://linktr.ee/bhaithrinley,Done,,,,
61,Confirmed ,ngawangdechen97@gmail.com,nawang dechen kc,9779812498194,https://linktr.ee/ngawangdechenkc,Done,,,,
62,Confirmed ,yakdzi1@gmail.com,Thupten Sherab,+91 8618295064,https://linktr.ee/yakdzi,Done,,,,
63,Confirmed ,arunsonune951@gmail.com,Arun Sonune ,91+7620713589,https://linktr.ee/arunsonune951,Done,,,,
64,Confirmed ,storiesoftibetans@gmail.com,Kunsang Tenzing ,919882162770,https://linktr.ee/storiesoftibetans,Done,,,,
65,Confirmed ,jamyangchozang74@gmail.com,Tenzin Pema / Tenzin Choney,7018267082,http://lintr.ee/jamyangchozang,Done,,,,
66,Waiting to hear back ,kailash.bauddha@gmail.com,Kailash Chandra Bauddha ,+919418248624,https://linktr.ee/kailash.bauddha,Done,,,,
67,Confirmed ,chakmaprabin18@gmail.com,Prabin Chakma ,(±91)7738767225,https://linktr.ee/chakmaprabin93594,Done,,,,
68,Confirmed ,deepa@khyentsefoundation.org,DEEPA THAKUR,+919535508608,https://linktr.ee/deepaaathakurrr?utm_source=linktree_profile_share,Done,,,,
69,Confirmed ,gunturi.agnimithra@gmail.com,Gunturi Agni Mithra ,+91 6309372846,https://linktr.ee/gunturi.agnimithra,Done,,,,
70,,akshaykhobragade119@gmail.com,Akshay Khobragade ,9987493635,https://linktr.ee/akshaykhobragade119weekontrip,Done,,,,
71,,chosgon55@gmail.com,Tashi Chosgon ,+916006222044,https://linktr.ee/chosgon55,Done,,,,
72,Confirmed ,bhikkhushripadsthavir@gmail.com,Bhikkhu Shripad Sthavir,+919022602287,https://linktr.ee/bhikkhushripad,Done,,,,
73,Confirmed ,tanmaytayade4@gmail.com,Tanmay Tayade,+917558475548,https://linktr.ee/tanmaytayade,Done,,,,
74,,khawa1980@gmail.com,Tsering Palden,+919857777165,https://linktr.ee/khawa1980,Done,,,,
75,Confirmed ,karmacwangmo@bhutanmindfulness.com,Karma Chimmi Wangmo,+975 17714537,https://linktr.ee/krmacw,Done,,,,
76,,glaxmi77@gmail.com,Laxmikanta Sunil Mane ,919881098152,https://linktr.ee/underthebodhitreepodcast,Done,,,,
77,,penjor2414@gmail.com,Tshering Penjor,+97517302414,https://linktr.ee/penjor2414,Done,,,,
78,,pratapmrigendra.unipune@gmail.com,Mrigendra Pratap,+91 8805842677,https://linktr.ee/DrMrigendraDhammaTalks,Done,,,,
79,Confirmed ,karmax55yon@gmail.com,Karma Yonten,+97517929857,https://linktr.ee/karmax55yon,Done,,,,
80,Confirmed ,Basantkhatri000@gmail.com,Basant Khatri,+97517451468,https://linktr.ee/basantkhatri,Done,,,,
81,,tenzinchemi442@gmail.com,Tenzin Chemi ,7628933678,https://linktr.ee/tenzinchemi442,Done,,,,
82,,chimitshering616@gmail.com,CHIMI TSHERING ,+975 17359472,https://linktr.ee/chimitshering616,Done,,,,
83,Confirmed ,thinleypalmo22@gmail.com,Gangkar Metok,7267910917,https://linktr.ee/thinleypalmo22,Done,,,,
84,Confirmed ,setset.kt@gmail.com,Tenzing Sherpa,+919816574466,https://linktr.ee/n7qsdgf7f8,Done,,,,
85,Confirmed ,dikilhamusherpa@gmail.com,DIKI LHAMU SHERPA,+91-9382851365,https://linktr.ee/Dikilhamusherpa,Done,,,,
86,Confirmed ,garabdorjeesherpa@gmail.com,Garab Dorjee Sherpa,91 8278735803,linktr.ee/Garabdorjee,Done,,,,
87,Confirmed ,tenzinrabga85@gmail.com,Tenzin Rabga,+918800332159,https://linktr.ee/tenzinrabga85,Done,,,,
88,,seymola21@gmail.com,Dechen Wangmo,+97517251145,,,,,,
89,Confirmed ,kelzang96wanz@gmail.com,Kelzang Wangdi,+97517503761,https://linktr.ee/kelzangwangs5,Done,,,,
90,Confirmed ,choyingtenpabs@gmail.com,Lopon Choying Tenpa,918348734333,https://linktr.ee/choyingtenpa,Done,,,,
91,Confirmed ,twangdi794@gmail.com,Tsering Wangdi (21 yr) ,918730942243,https://linktr.ee/twangdi794,Done,,,,
92,Confirmed ,abhanchal02@gmail.com,Achal wasnik,919021573518,https://linktr.ee/achalwasnik58,Done,,,,
93,,karmavajra@gmail.com,Karmavajra Dhammachari,919028122087,"karmavajra Official: Instagram, Facebook | Linktree",Done,,,,
94,Confirmed ,schoden128282@gmail.com,Sonam Choden,97517673464,https://linktr.ee/schoden,Done,,,,
95,Confirmed ,jchoden611@gmail.com,Jamyang Choden,97517382789,https://linktr.ee/jchoden611,Done,,,,
96,Confirmed ,ra.pathum@gmail.com,Pathum Ranasinghe Arachchilage,94716839441,https://linktr.ee/pathum,Done,,,,
97,Confirmed ,kunzesdolma1994@gmail.com,Kunzes Dolma,8082318477,"kunzesdolma1994 Official: Instagram, Facebook | Linktree",Done,,,,
98,Confirmed ,pewang999@gmail.com,Pema Wangyel,977 9700749902,https://linktr.ee/pewangdolkar?utm_source=linktree_admin_share,Done,,,,
99,Confirmed ,acheshkamble665@gmail.com,Achesh Kamble,‪+91 86980 28675‬,https://linktr.ee/aachesh,,jan 18 retreat,,,
100,Confirmed ,kamalavira@gmail.com,Bhaskar Nathu Salve (Pradnyaratna Kamalavira),919325102368,https://linktr.ee/kamalavira,Done,,,,
101,Confirmed ,ogyentenzin@gmail.com,Ogyen Tenzin,919511732463,https://linktr.ee/ogyentenzin,Done,,,,
102,Confirmed ,tenzingejed@gmail.com,Tenzin Gejed,6364505914,https://linktr.ee/singtola,Done,,,,
103,Confirmed ,penpatseringpast@gmail.com,Penpa Tsering,919958556059,https://linktr.ee/penpatseringpast,Done,,,,
104,Confirmed ,ashwinganvir550@gmail.com,Ashwin Purushottam Ganvir,9834519189,,,,,,
105,Confirmed ,sdkyung22@gmail.com,Sonam Dolma,8544725877,https://linktr.ee/sdkyung22,Done,,,,
106,Confirmed ,schhomo59@gmail.com,Sonam Chhomo,919717908020,https://linktr.ee/Sonamchhomo,Done,,,,
107,Confirmed ,amnkumar43@gmail.com,Aman Kumar Verma,6203523978,https://linktr.ee/gayabeatsofficial,Done,,,,
108,Confirmed ,baruadipak6@gmail.com,Ven. Dr. Dipananda Bhikkhu,8801819784568,,,,,,
109,Confirmed ,tashi.omalaya@gmail.com,Gyalpo Tashi,9805163232,https://linktr.ee/tashi.omalaya,Done,,,,
110,Confirmed ,vikasnagrare@gmail.com,Vikas Nagrare,919319605079,,,,,,
111,Confirmed ,sagargautam46685@gmail.com,Sagar Gautam ,917317035709,https://linktr.ee/sagargautam46685,Done,,,,
112,Confirmed ,moencollections@gmail.com,Tenzin Lekmay ,7018349534,https://linktr.ee/moenmediahouse,Done,,,,
113,Confirmed ,brahmachakma@gmail.com,Robin Chakma(Brahma Dutta),8521120146,https://linktr.ee/robinchakma2016,Done,,,,
114,,jinshejin@gmail.com,Kim yihan,933873538,,,,,,
115,,s12141209@gmail.com,Ayesy,886 912141209,,,panelist,,,
116,,,Quinthup Pema Bhutia,,,,,,,
,,,,,,,,,,
,,,,,,,,,,
,,wuchenghann@gmail.com,Hann Wu,886936052705,,,cancel,,,
,,justdoit99908@gmail.com,Wu Yi hung,881 0983697717,,,cancel,,,